CREATED;UPDATED;BATCH_ID;ENTITY;STATUS;SOURCE_SYSTEM;LEGAL_ENTITY;EXEC_ID;BLOB_URL
2022-09-12 04:53:22;2022-09-12 05:16:21;B-84f0a068-60e9-4cde-b18f-75283b302489;CUSTOMER;ABORTED;DYNCRM;1013;;https://schprodykmtrr2v.blob.core.windows.net/dmf/CUSTOMER-B-84f0a068-60e9-4cde-b18f-75283b302489.zip?sv=2014-02-14&sr=b&sig=b5PM3FasppW%2BzSx9m2AgmNNTL4riAVthe1hzlZMtcOk%3D&st=2022-09-12T02%3A48%3A22Z&se=2022-09-12T03%3A23%3A22Z&sp=rw
2022-09-12 00:12:01;2022-09-12 00:18:19;B-87c7da16-e75b-4d0c-be4e-055d4afb4ac6;ORDER;ABORTED;BOOST;1068;;https://schprodykmtrr2v.blob.core.windows.net/dmf/ORDER-B-87c7da16-e75b-4d0c-be4e-055d4afb4ac6.zip?sv=2014-02-14&sr=b&sig=ldF6JQ1ZTcQRzkOEpulHrCdmC%2F5FjkI7wvVtmTWs8cw%3D&st=2022-09-11T22%3A07%3A00Z&se=2022-09-11T22%3A42%3A00Z&sp=rw
2022-09-11 23:16:01;2022-09-12 03:47:18;B-d241636f-c7d9-409a-ba6b-3a21234012a2;ORDER;ABORTED;BILBASEN;1068;;https://schprodykmtrr2v.blob.core.windows.net/dmf/ORDER-B-d241636f-c7d9-409a-ba6b-3a21234012a2.zip?sv=2014-02-14&sr=b&sig=WenW2HWITypC2yPzyAmeDXHP6QuiLz4WwhZBabKDQAg%3D&st=2022-09-11T21%3A11%3A00Z&se=2022-09-11T21%3A46%3A00Z&sp=rw
2022-09-11 22:54:00;2022-09-12 03:37:07;B-de13ed27-fef9-4898-913a-ee7a84e216eb;ORDER;ABORTED;BILBASEN;1068;;https://schprodykmtrr2v.blob.core.windows.net/dmf/ORDER-B-de13ed27-fef9-4898-913a-ee7a84e216eb.zip?sv=2014-02-14&sr=b&sig=wQxqbI0m42WCyH1ErDUzgPllYxJfnPv1afmPQ3Sm%2BEc%3D&st=2022-09-11T20%3A49%3A01Z&se=2022-09-11T21%3A24%3A01Z&sp=rw
2022-09-11 22:48:01;2022-09-12 03:26:49;B-66d0c1bc-9a36-4c84-b9a9-9d22c9f17a9f;ORDER;ABORTED;BILBASEN;1068;;https://schprodykmtrr2v.blob.core.windows.net/dmf/ORDER-B-66d0c1bc-9a36-4c84-b9a9-9d22c9f17a9f.zip?sv=2014-02-14&sr=b&sig=XIvS1bK3u2YUezTW1mx%2FFuMyJXlgALLD2TwUfhupcsY%3D&st=2022-09-11T20%3A43%3A01Z&se=2022-09-11T21%3A18%3A01Z&sp=rw
2022-09-11 22:42:01;2022-09-12 03:16:48;B-aa2e8fc0-e845-407e-b9e1-e5f84b63108a;ORDER;ABORTED;BILBASEN;1068;;https://schprodykmtrr2v.blob.core.windows.net/dmf/ORDER-B-aa2e8fc0-e845-407e-b9e1-e5f84b63108a.zip?sv=2014-02-14&sr=b&sig=jVQHXUedOK8Uwouo3wPdlj%2FhD6rjUAUWyWjbUJEVWD8%3D&st=2022-09-11T20%3A37%3A01Z&se=2022-09-11T21%3A12%3A01Z&sp=rw
2022-09-11 22:32:05;2022-09-11 23:54:25;66871208-c913-4f92-b746-cf8fd39a0edc;GL;ABORTED;ARVATO;1013;;https://schprodykmtrr2v.blob.core.windows.net/dmf/GL-66871208-c913-4f92-b746-cf8fd39a0edc.zip?sv=2014-02-14&sr=b&sig=3ynjVZfBxJKGj6jI%2BbPQVtv%2BEohvmAnmzWsqJeujrb4%3D&st=2022-09-11T20%3A27%3A05Z&se=2022-09-11T21%3A02%3A05Z&sp=rw
2022-09-11 22:32:05;2022-09-11 23:43:51;ea62b71e-b155-40ae-912a-33203efcda91;GL;ABORTED;ARVATO;1013;;https://schprodykmtrr2v.blob.core.windows.net/dmf/GL-ea62b71e-b155-40ae-912a-33203efcda91.zip?sv=2014-02-14&sr=b&sig=1LJx6zdLXIq0aeLzPCFGF2%2BoFEyX7Ge8KMY14cgHJMU%3D&st=2022-09-11T20%3A27%3A05Z&se=2022-09-11T21%3A02%3A05Z&sp=rw
2022-09-11 22:32:05;2022-09-11 23:33:39;7b2fbec4-0bb5-40b7-bb90-a3311f2eccd1;GL;ABORTED;ARVATO;1036;;https://schprodykmtrr2v.blob.core.windows.net/dmf/GL-7b2fbec4-0bb5-40b7-bb90-a3311f2eccd1.zip?sv=2014-02-14&sr=b&sig=g3PEcV18hL0ZMpid3EGQLZ5NsIBk3SlcW%2Bd6HvtNrH0%3D&st=2022-09-11T20%3A27%3A05Z&se=2022-09-11T21%3A02%3A05Z&sp=rw
2022-09-11 22:10:06;2022-09-11 23:20:00;B-a8308d25-e185-41ec-a4ca-324f40ac3cb9;ORDER;ABORTED;BLOCKET_UP;1001;;https://schprodykmtrr2v.blob.core.windows.net/dmf/ORDER-B-a8308d25-e185-41ec-a4ca-324f40ac3cb9.zip?sv=2014-02-14&sr=b&sig=SGpqPxdkvT4dl1kGfs9CbgLnljpJR5So86weC%2Fe56aI%3D&st=2022-09-11T20%3A05%3A06Z&se=2022-09-11T20%3A40%3A06Z&sp=rw
2022-09-11 22:10:06;2022-09-11 22:35:51;B-5857c22d-3acc-4807-9ec7-2af024efb43c;ORDER;ABORTED;BLOCKET_UP;1001;;https://schprodykmtrr2v.blob.core.windows.net/dmf/ORDER-B-5857c22d-3acc-4807-9ec7-2af024efb43c.zip?sv=2014-02-14&sr=b&sig=nhbDwSi25pGubRIhL%2Fzq9cPkqT%2Bkixrevmdd10T5wik%3D&st=2022-09-11T20%3A05%3A06Z&se=2022-09-11T20%3A40%3A06Z&sp=rw
2022-09-11 22:10:06;2022-09-11 22:20:36;B-5857c22d-3acc-4807-9ec7-2af024efb43c;CUSTOMER;ABORTED;BLOCKET_UP;1001;;https://schprodykmtrr2v.blob.core.windows.net/dmf/CUSTOMER-B-5857c22d-3acc-4807-9ec7-2af024efb43c.zip?sv=2014-02-14&sr=b&sig=%2FKHVimA7nvjFslpfUar59kTtkXqGR8oibdcHb1VVFdc%3D&st=2022-09-11T20%3A05%3A06Z&se=2022-09-11T20%3A40%3A06Z&sp=rw
2022-09-11 22:06:01;2022-09-12 02:44:52;B-20e68ed1-8df2-4c15-b56e-94e0dda6d395;ORDER;ABORTED;BILBASEN;1068;;https://schprodykmtrr2v.blob.core.windows.net/dmf/ORDER-B-20e68ed1-8df2-4c15-b56e-94e0dda6d395.zip?sv=2014-02-14&sr=b&sig=RfJqO3DXwyEMV%2BjpbErFJrdEKn3NnW3yr05zvt%2F5VwU%3D&st=2022-09-11T20%3A01%3A01Z&se=2022-09-11T20%3A36%3A01Z&sp=rw
2022-09-11 22:04:01;2022-09-12 02:34:49;B-e9c361db-dd7e-48b3-ad18-c2feff9b2015;ORDER;ABORTED;BILBASEN;1068;;https://schprodykmtrr2v.blob.core.windows.net/dmf/ORDER-B-e9c361db-dd7e-48b3-ad18-c2feff9b2015.zip?sv=2014-02-14&sr=b&sig=CFvRIIs7fl3tNjiuZxcIV402fI20gl4WB4x5%2FXJI%2FCM%3D&st=2022-09-11T19%3A59%3A01Z&se=2022-09-11T20%3A34%3A01Z&sp=rw
2022-09-11 21:50:01;2022-09-12 02:29:36;B-f2cd8bf2-b47d-48b7-bb89-7240a18c716a;ORDER;ABORTED;BILBASEN;1068;;https://schprodykmtrr2v.blob.core.windows.net/dmf/ORDER-B-f2cd8bf2-b47d-48b7-bb89-7240a18c716a.zip?sv=2014-02-14&sr=b&sig=Gbu7gGko5TFPa%2FpWFX3vmmUN62sxKDOkkaj9qMimQbI%3D&st=2022-09-11T19%3A45%3A01Z&se=2022-09-11T20%3A20%3A01Z&sp=rw
2022-09-11 21:40:01;2022-09-12 02:12:00;B-f760e525-a176-4a9f-ae94-58c7893140c0;ORDER;ABORTED;BILBASEN;1068;;https://schprodykmtrr2v.blob.core.windows.net/dmf/ORDER-B-f760e525-a176-4a9f-ae94-58c7893140c0.zip?sv=2014-02-14&sr=b&sig=imUOKLSGnPt4fRJyjjGNU9u14qcZA%2FIis2f8jFhXzAQ%3D&st=2022-09-11T19%3A35%3A01Z&se=2022-09-11T20%3A10%3A01Z&sp=rw
2022-09-11 21:30:00;2022-09-12 02:04:23;B-d5d7a91d-9883-4ee8-97e6-2f03ffc5422f;ORDER;ABORTED;BILBASEN;1068;;https://schprodykmtrr2v.blob.core.windows.net/dmf/ORDER-B-d5d7a91d-9883-4ee8-97e6-2f03ffc5422f.zip?sv=2014-02-14&sr=b&sig=mlV7hvm5wz1KiybPIqEX8%2BjDBY69b3xPo%2FDIRoeyj3s%3D&st=2022-09-11T19%3A25%3A00Z&se=2022-09-11T20%3A00%3A00Z&sp=rw
2022-09-11 21:16:02;2022-09-12 01:53:49;B-a3750343-3ce7-4bd6-a8c9-64d4682ff838;ORDER;ABORTED;BILBASEN;1068;;https://schprodykmtrr2v.blob.core.windows.net/dmf/ORDER-B-a3750343-3ce7-4bd6-a8c9-64d4682ff838.zip?sv=2014-02-14&sr=b&sig=TtB5CVrxOy%2FHZzurXUJ1tMBtK38aEu%2FaAKvqsZE1UDU%3D&st=2022-09-11T19%3A11%3A02Z&se=2022-09-11T19%3A46%3A02Z&sp=rw
2022-09-11 21:04:12;2022-09-11 21:22:27;B-36097359-9acf-4788-9abd-a0f1f9052428;CUSTOMER;ABORTED;DYNCRM;1036;;https://schprodykmtrr2v.blob.core.windows.net/dmf/CUSTOMER-B-36097359-9acf-4788-9abd-a0f1f9052428.zip?sv=2014-02-14&sr=b&sig=nbHfIcEyLYjRd6YYZh%2FyIWaDoQYCTmvJEKpY6MvcJ0w%3D&st=2022-09-11T18%3A59%3A12Z&se=2022-09-11T19%3A34%3A12Z&sp=rw
2022-09-11 21:02:01;2022-09-12 01:46:50;B-e75baf3f-b449-4f02-9658-2dda9629b2c3;ORDER;ABORTED;BILBASEN;1068;;https://schprodykmtrr2v.blob.core.windows.net/dmf/ORDER-B-e75baf3f-b449-4f02-9658-2dda9629b2c3.zip?sv=2014-02-14&sr=b&sig=gSKotO%2FKqKvIiWTPme0HBC%2F1AkDW5ngPI1Ko1vvzFEk%3D&st=2022-09-11T18%3A57%3A02Z&se=2022-09-11T19%3A32%3A02Z&sp=rw
2022-09-11 21:00:01;2022-09-12 01:34:41;B-0996a495-988c-4658-9a03-22ac35e370c8;ORDER;ABORTED;BILBASEN;1068;;https://schprodykmtrr2v.blob.core.windows.net/dmf/ORDER-B-0996a495-988c-4658-9a03-22ac35e370c8.zip?sv=2014-02-14&sr=b&sig=wlFDqCb9hAwVn8DLlDJKy9QdZ816PmNr%2FIMzNY4JyGA%3D&st=2022-09-11T18%3A55%3A02Z&se=2022-09-11T19%3A30%3A02Z&sp=rw
2022-09-11 20:44:03;2022-09-12 01:24:48;B-511c8f41-2493-4aa0-80e2-0dba4ee10f5a;ORDER;ABORTED;BILBASEN;1068;;https://schprodykmtrr2v.blob.core.windows.net/dmf/ORDER-B-511c8f41-2493-4aa0-80e2-0dba4ee10f5a.zip?sv=2014-02-14&sr=b&sig=Xdp53Du6s6O8GqKM798RMNuxGVBfjzJ8qMHdhoaEemo%3D&st=2022-09-11T18%3A39%3A03Z&se=2022-09-11T19%3A14%3A03Z&sp=rw
2022-09-11 20:12:01;2022-09-12 01:04:19;B-f22c3e21-3f9c-4126-a728-f1cf4a43657b;ORDER;ABORTED;BILBASEN;1068;;https://schprodykmtrr2v.blob.core.windows.net/dmf/ORDER-B-f22c3e21-3f9c-4126-a728-f1cf4a43657b.zip?sv=2014-02-14&sr=b&sig=i2FLl0OVWfErySEwP4XZkgms8OiqScN1j3Owbvhs6wY%3D&st=2022-09-11T18%3A07%3A01Z&se=2022-09-11T18%3A42%3A01Z&sp=rw
2022-09-11 19:48:16;2022-09-11 20:10:06;95bd34ce-3eea-404f-8ca4-19cb97c59024;GL;ABORTED;EXCEL;1068;GL-EXCEL-2022-09-11T20:03:06-D7DB879E833249AEBF27FB869BA7C574;https://schprodykmtrr2v.blob.core.windows.net/dmf/GL-95bd34ce-3eea-404f-8ca4-19cb97c59024.zip?sv=2014-02-14&sr=b&sig=eq6KIEsT6X26hW%2FvpaGeg1o4w9R1y0a4BBvq2HXRw%2F8%3D&st=2022-09-11T17%3A43%3A16Z&se=2022-09-11T18%3A18%3A16Z&sp=rw
2022-09-11 19:16:00;2022-09-12 05:21:17;B-0ae09529-b20e-4492-baf8-cf0159ca0d03;ORDER;ABORTED;DBA;1068;;https://schprodykmtrr2v.blob.core.windows.net/dmf/ORDER-B-0ae09529-b20e-4492-baf8-cf0159ca0d03.zip?sv=2014-02-14&sr=b&sig=2VdbBeHHFvtHo%2BYCyz%2B6dKxg0eQddQp9omJk7nfg6NE%3D&st=2022-09-11T17%3A11%3A01Z&se=2022-09-11T17%3A46%3A01Z&sp=rw
2022-09-11 19:10:01;2022-09-12 05:11:43;B-ee5f6098-e12d-4df0-9275-4c8a7d93f03d;ORDER;ABORTED;DBA;1068;;https://schprodykmtrr2v.blob.core.windows.net/dmf/ORDER-B-ee5f6098-e12d-4df0-9275-4c8a7d93f03d.zip?sv=2014-02-14&sr=b&sig=r%2BbuD0I9Q4fSUBeylv4BspZ%2BsTbz3fitCnMoqYvv1IE%3D&st=2022-09-11T17%3A05%3A01Z&se=2022-09-11T17%3A40%3A01Z&sp=rw
2022-09-11 19:08:03;2022-09-11 23:15:10;B-97f3afee-a2ea-4197-bf0e-66bfefad31ed;ORDER;ABORTED;BILBASEN;1068;;https://schprodykmtrr2v.blob.core.windows.net/dmf/ORDER-B-97f3afee-a2ea-4197-bf0e-66bfefad31ed.zip?sv=2014-02-14&sr=b&sig=nhF55d81Ywub3nhqeLoivOERUzzK%2FKRghp4%2FocxQikk%3D&st=2022-09-11T17%3A03%3A03Z&se=2022-09-11T17%3A38%3A03Z&sp=rw
2022-09-11 19:04:01;2022-09-12 05:06:49;B-1f4ee5a5-4296-414f-9b7e-a72cb247c313;ORDER;ABORTED;DBA;1068;;https://schprodykmtrr2v.blob.core.windows.net/dmf/ORDER-B-1f4ee5a5-4296-414f-9b7e-a72cb247c313.zip?sv=2014-02-14&sr=b&sig=MKgmMPYbc3CmgpRMOnFdqruOoCL9fjwv1UzDA525xNw%3D&st=2022-09-11T16%3A59%3A01Z&se=2022-09-11T17%3A34%3A01Z&sp=rw
2022-09-11 18:56:01;2022-09-11 23:05:05;B-17ed9edf-69c5-43b2-9fc2-a99c4ec6cef6;ORDER;ABORTED;BILBASEN;1068;;https://schprodykmtrr2v.blob.core.windows.net/dmf/ORDER-B-17ed9edf-69c5-43b2-9fc2-a99c4ec6cef6.zip?sv=2014-02-14&sr=b&sig=ZG4jVl40MgpUtCTlP%2B963G3UQTF16Zwcv2TFsGcWfZ8%3D&st=2022-09-11T16%3A51%3A01Z&se=2022-09-11T17%3A26%3A01Z&sp=rw
2022-09-11 18:54:01;2022-09-11 23:04:04;B-1e889396-210c-4bfe-b507-a0dab8ed8a0b;ORDER;ABORTED;BILBASEN;1068;;https://schprodykmtrr2v.blob.core.windows.net/dmf/ORDER-B-1e889396-210c-4bfe-b507-a0dab8ed8a0b.zip?sv=2014-02-14&sr=b&sig=EVrvmzc2zwOOSTKSUuFmDIE4Zw8upLplPqhTm098Ubo%3D&st=2022-09-11T16%3A49%3A01Z&se=2022-09-11T17%3A24%3A01Z&sp=rw
2022-09-11 18:54:01;2022-09-12 04:59:28;B-f1b0e579-908b-41e0-b289-4db9bd492c53;ORDER;ABORTED;DBA;1068;;https://schprodykmtrr2v.blob.core.windows.net/dmf/ORDER-B-f1b0e579-908b-41e0-b289-4db9bd492c53.zip?sv=2014-02-14&sr=b&sig=8k364Y33gXqsHVO6dnEjg3oP1toqdalzXadfXKTtJos%3D&st=2022-09-11T16%3A49%3A01Z&se=2022-09-11T17%3A24%3A01Z&sp=rw
2022-09-11 18:44:01;2022-09-11 22:58:48;B-48543d39-5229-46fc-a4e5-2ec4e5a52e9b;ORDER;ABORTED;BILBASEN;1068;;https://schprodykmtrr2v.blob.core.windows.net/dmf/ORDER-B-48543d39-5229-46fc-a4e5-2ec4e5a52e9b.zip?sv=2014-02-14&sr=b&sig=OsIhWNnwKXo9y0ogh5ZjCBUpSzeCyCiHjh8q0NB1duM%3D&st=2022-09-11T16%3A39%3A01Z&se=2022-09-11T17%3A14%3A01Z&sp=rw
2022-09-11 18:32:01;2022-09-12 04:05:04;B-560b2966-81bd-4b1d-92c9-78834854d042;ORDER;ABORTED;DBA;1068;;https://schprodykmtrr2v.blob.core.windows.net/dmf/ORDER-B-560b2966-81bd-4b1d-92c9-78834854d042.zip?sv=2014-02-14&sr=b&sig=bVd69prWRudJ4APMujcs3O6IdUfbr7NwQC5WXk2R9zQ%3D&st=2022-09-11T16%3A27%3A02Z&se=2022-09-11T17%3A02%3A02Z&sp=rw
2022-09-11 18:24:01;2022-09-12 04:01:25;B-598bdfc3-610f-4035-9530-7aa46d0bfd6a;ORDER;ABORTED;DBA;1068;;https://schprodykmtrr2v.blob.core.windows.net/dmf/ORDER-B-598bdfc3-610f-4035-9530-7aa46d0bfd6a.zip?sv=2014-02-14&sr=b&sig=XJpFRc4ARR%2FLuJ7LQ3RVFckwroI9edvlpkuKbxqqmus%3D&st=2022-09-11T16%3A19%3A01Z&se=2022-09-11T16%3A54%3A01Z&sp=rw
2022-09-11 18:20:01;2022-09-11 22:30:51;B-e40e6784-9c30-49cc-a79f-f8991c46b38a;ORDER;ABORTED;BILBASEN;1068;;https://schprodykmtrr2v.blob.core.windows.net/dmf/ORDER-B-e40e6784-9c30-49cc-a79f-f8991c46b38a.zip?sv=2014-02-14&sr=b&sig=gkLZ%2Bio23Pv5cZ7T1RBqZT%2FG3Gpa1d4vDtjqoap62Bk%3D&st=2022-09-11T16%3A15%3A01Z&se=2022-09-11T16%3A50%3A01Z&sp=rw
2022-09-11 18:16:36;2022-09-11 19:15:04;B-d8086c51-67ba-48d6-8c86-b908c36646b2;CUSTOMER;ABORTED;DYNCRM;1036;;https://schprodykmtrr2v.blob.core.windows.net/dmf/CUSTOMER-B-d8086c51-67ba-48d6-8c86-b908c36646b2.zip?sv=2014-02-14&sr=b&sig=XQLaQg4GJ5ir2tEcE1hkJ%2FGO06FjqbPY%2FqN5ZEdn6L4%3D&st=2022-09-11T16%3A11%3A36Z&se=2022-09-11T16%3A46%3A36Z&sp=rw
2022-09-11 18:12:01;2022-09-12 03:42:16;B-4890b68f-5d98-4d16-9068-d36089906f30;ORDER;ABORTED;DBA;1068;;https://schprodykmtrr2v.blob.core.windows.net/dmf/ORDER-B-4890b68f-5d98-4d16-9068-d36089906f30.zip?sv=2014-02-14&sr=b&sig=uTD6hsstUULkaMJtFXHvbGYDaf2LfewuByilY4l9U0M%3D&st=2022-09-11T16%3A07%3A02Z&se=2022-09-11T16%3A42%3A02Z&sp=rw
2022-09-11 18:12:01;2022-09-12 03:32:04;B-51e51705-d72f-4cb8-bc14-b461762e6f52;ORDER;ABORTED;DBA;1068;;https://schprodykmtrr2v.blob.core.windows.net/dmf/ORDER-B-51e51705-d72f-4cb8-bc14-b461762e6f52.zip?sv=2014-02-14&sr=b&sig=GVvz7enAwBWgENdAg0AgDu9gK8NB99E9lJY78d6Qzds%3D&st=2022-09-11T16%3A07%3A00Z&se=2022-09-11T16%3A42%3A00Z&sp=rw
2022-09-11 18:10:33;2022-09-11 22:15:34;B-dce5d301-bfc9-435a-bbb5-4734f02d56ac;ORDER;ABORTED;BILBASEN;1068;;https://schprodykmtrr2v.blob.core.windows.net/dmf/ORDER-B-dce5d301-bfc9-435a-bbb5-4734f02d56ac.zip?sv=2014-02-14&sr=b&sig=WM8fG4IX19ojkN3tVFvjpE7N9lKIGKmOzF3AZDDml%2BE%3D&st=2022-09-11T16%3A05%3A33Z&se=2022-09-11T16%3A40%3A33Z&sp=rw
2022-09-11 18:08:01;2022-09-11 22:10:18;B-6fccfc45-0966-46b5-b76d-fc0ed55452de;ORDER;ABORTED;BILBASEN;1068;;https://schprodykmtrr2v.blob.core.windows.net/dmf/ORDER-B-6fccfc45-0966-46b5-b76d-fc0ed55452de.zip?sv=2014-02-14&sr=b&sig=RwbZy0tfYaWimpiALO4%2FdekXUQUpFL%2FZzNNnef0qpC0%3D&st=2022-09-11T16%3A03%3A01Z&se=2022-09-11T16%3A38%3A01Z&sp=rw
2022-09-11 18:02:01;2022-09-12 03:21:46;B-d355513d-9063-4f21-b12e-9c110a009c3b;ORDER;ABORTED;DBA;1068;;https://schprodykmtrr2v.blob.core.windows.net/dmf/ORDER-B-d355513d-9063-4f21-b12e-9c110a009c3b.zip?sv=2014-02-14&sr=b&sig=70kRzuwmtaA3%2FzcLpYoN%2BxmdsX73HDvXXKa%2Fco8zOYE%3D&st=2022-09-11T15%3A57%3A01Z&se=2022-09-11T16%3A32%3A01Z&sp=rw
2022-09-11 17:56:29;2022-09-11 18:12:16;B-f2cfddac-ca3a-459f-8986-f71c4be6d5ee;CUSTOMER;ABORTED;DYNCRM_DK;1068;CUSTOMER-DYNCRM_DK-2022-09-11T18:08:44-E359CCAE6170458DA874E499178F9D82;https://schprodykmtrr2v.blob.core.windows.net/dmf/CUSTOMER-B-f2cfddac-ca3a-459f-8986-f71c4be6d5ee.zip?sv=2014-02-14&sr=b&sig=Vljrb0%2Be8tafRnpY1FRlHhRy3zF7KpzNfjJYPO2474w%3D&st=2022-09-11T15%3A51%3A29Z&se=2022-09-11T16%3A26%3A29Z&sp=rw
2022-09-11 17:56:01;2022-09-11 21:43:05;B-83151069-45c8-42bc-9a8b-bcba85acd0f2;ORDER;ABORTED;BILBASEN;1068;;https://schprodykmtrr2v.blob.core.windows.net/dmf/ORDER-B-83151069-45c8-42bc-9a8b-bcba85acd0f2.zip?sv=2014-02-14&sr=b&sig=1aidENa0M5LuXBOZqhOPUg4cPAOzDywt1uGvLk7RrEo%3D&st=2022-09-11T15%3A51%3A01Z&se=2022-09-11T16%3A26%3A01Z&sp=rw
2022-09-11 17:52:01;2022-09-12 03:08:48;B-102d7a78-6ed5-40d5-a14b-bf32d78bef9a;ORDER;ABORTED;DBA;1068;;https://schprodykmtrr2v.blob.core.windows.net/dmf/ORDER-B-102d7a78-6ed5-40d5-a14b-bf32d78bef9a.zip?sv=2014-02-14&sr=b&sig=Gk7lk3a%2Frf2EJGe2xs7wRhjriTBcaHMkGRDN59lN5Ow%3D&st=2022-09-11T15%3A47%3A01Z&se=2022-09-11T16%3A22%3A01Z&sp=rw
2022-09-11 17:42:02;2022-09-11 21:32:37;B-252ec12f-bd4d-43cd-a348-51238c47a737;ORDER;ABORTED;BILBASEN;1068;;https://schprodykmtrr2v.blob.core.windows.net/dmf/ORDER-B-252ec12f-bd4d-43cd-a348-51238c47a737.zip?sv=2014-02-14&sr=b&sig=Z8N8jo0PBM0BveNunrM6GLbqWkYQfpM3l7zed7bWrko%3D&st=2022-09-11T15%3A37%3A01Z&se=2022-09-11T16%3A12%3A01Z&sp=rw
2022-09-11 17:42:01;2022-09-12 02:49:55;B-d39be655-5db6-4aaf-ac44-c207f2be20f9;ORDER;ABORTED;DBA;1068;;https://schprodykmtrr2v.blob.core.windows.net/dmf/ORDER-B-d39be655-5db6-4aaf-ac44-c207f2be20f9.zip?sv=2014-02-14&sr=b&sig=eEbSozl%2FLhzGoLPkFVPaxXrkO6yvSSoaBH4Upw5e7gc%3D&st=2022-09-11T15%3A37%3A02Z&se=2022-09-11T16%3A12%3A02Z&sp=rw
2022-09-11 17:40:01;2022-09-12 02:39:49;B-45067800-350b-44b1-993c-b00ab44b45cf;ORDER;ABORTED;DBA;1068;;https://schprodykmtrr2v.blob.core.windows.net/dmf/ORDER-B-45067800-350b-44b1-993c-b00ab44b45cf.zip?sv=2014-02-14&sr=b&sig=%2FReAMX6ZfSmxqJG4UPQd0RgDvShB1ZJnxiF6erqXftM%3D&st=2022-09-11T15%3A35%3A01Z&se=2022-09-11T16%3A10%3A01Z&sp=rw
2022-09-11 17:30:01;2022-09-12 02:21:16;B-94e3ee4b-dd52-4a77-886e-875f321e0fd3;ORDER;ABORTED;DBA;1068;;https://schprodykmtrr2v.blob.core.windows.net/dmf/ORDER-B-94e3ee4b-dd52-4a77-886e-875f321e0fd3.zip?sv=2014-02-14&sr=b&sig=Pl41VDRXcREwWWwcGDk5RAc98Zm9HS2x4VCdTGBEbzk%3D&st=2022-09-11T15%3A25%3A01Z&se=2022-09-11T16%3A00%3A01Z&sp=rw
2022-09-11 17:26:01;2022-09-11 20:57:33;B-b0d88672-f96a-45fb-8188-76f8eae411c9;ORDER;ABORTED;BILBASEN;1068;;https://schprodykmtrr2v.blob.core.windows.net/dmf/ORDER-B-b0d88672-f96a-45fb-8188-76f8eae411c9.zip?sv=2014-02-14&sr=b&sig=OczplNkzdOlz8yprZiCQiuONRCJ0MWhnrApo5W5j4vQ%3D&st=2022-09-11T15%3A21%3A01Z&se=2022-09-11T15%3A56%3A01Z&sp=rw
2022-09-11 17:18:01;2022-09-11 20:52:18;B-c5ba0e91-cdbf-45ee-8199-9b4f233bf530;ORDER;ABORTED;BILBASEN;1068;;https://schprodykmtrr2v.blob.core.windows.net/dmf/ORDER-B-c5ba0e91-cdbf-45ee-8199-9b4f233bf530.zip?sv=2014-02-14&sr=b&sig=3tVA2Um6aIj%2Fcm%2FgI8nEzN6qtRSi%2FtuL0bPRdoJUwfU%3D&st=2022-09-11T15%3A13%3A01Z&se=2022-09-11T15%3A48%3A01Z&sp=rw
2022-09-11 17:10:01;2022-09-12 01:59:20;B-0c5ef7eb-4879-4948-b96c-ba12af277c46;ORDER;ABORTED;DBA;1068;;https://schprodykmtrr2v.blob.core.windows.net/dmf/ORDER-B-0c5ef7eb-4879-4948-b96c-ba12af277c46.zip?sv=2014-02-14&sr=b&sig=e7kDUABTMb3XcdhFFn7oDuN0XQW1%2B%2F3K0MNOiTChXWA%3D&st=2022-09-11T15%3A05%3A02Z&se=2022-09-11T15%3A40%3A02Z&sp=rw
2022-09-11 17:02:01;2022-09-11 20:36:22;B-a4a91cee-d0fb-4abe-b505-e572b5f5c81d;ORDER;ABORTED;BILBASEN;1068;;https://schprodykmtrr2v.blob.core.windows.net/dmf/ORDER-B-a4a91cee-d0fb-4abe-b505-e572b5f5c81d.zip?sv=2014-02-14&sr=b&sig=fuThNNw0Yje6OVplFR75hmgLWoSFOZI6BGERrPCoz30%3D&st=2022-09-11T14%3A57%3A01Z&se=2022-09-11T15%3A32%3A01Z&sp=rw
2022-09-11 17:02:01;2022-09-11 20:25:36;B-bd2dd399-9281-4854-ba0b-528b03a9c828;ORDER;ABORTED;BILBASEN;1068;;https://schprodykmtrr2v.blob.core.windows.net/dmf/ORDER-B-bd2dd399-9281-4854-ba0b-528b03a9c828.zip?sv=2014-02-14&sr=b&sig=EzYpdP6RBZjKlb6wjpRMnIHeNZcKWA2nKz66x64RUVI%3D&st=2022-09-11T14%3A57%3A01Z&se=2022-09-11T15%3A32%3A01Z&sp=rw
2022-09-11 17:00:01;2022-09-12 01:41:49;B-fae79dad-90d3-413f-8f3c-ab9abf28da23;ORDER;ABORTED;DBA;1068;;https://schprodykmtrr2v.blob.core.windows.net/dmf/ORDER-B-fae79dad-90d3-413f-8f3c-ab9abf28da23.zip?sv=2014-02-14&sr=b&sig=T6Ei%2BuwNWAI6fmPOe7zPxac6V%2F%2FE6LpPA%2BkQqSwls0s%3D&st=2022-09-11T14%3A55%3A02Z&se=2022-09-11T15%3A30%3A02Z&sp=rw
2022-09-11 16:58:01;2022-09-12 01:29:39;B-129a1939-95a1-42c1-89c7-afdd4db033d2;ORDER;ABORTED;DBA;1068;;https://schprodykmtrr2v.blob.core.windows.net/dmf/ORDER-B-129a1939-95a1-42c1-89c7-afdd4db033d2.zip?sv=2014-02-14&sr=b&sig=y17%2FVqDOfA6GIDwU2UWRIko5dJNKezSvNoMyUGBNFGk%3D&st=2022-09-11T14%3A53%3A01Z&se=2022-09-11T15%3A28%3A01Z&sp=rw
2022-09-11 16:48:01;2022-09-12 01:07:05;B-d2278494-059e-4b24-94b9-7a6b715710e7;ORDER;ABORTED;DBA;1068;;https://schprodykmtrr2v.blob.core.windows.net/dmf/ORDER-B-d2278494-059e-4b24-94b9-7a6b715710e7.zip?sv=2014-02-14&sr=b&sig=rnsS7YkHQAn3I1lYaPjy2X%2F6xGKELI2g2eTNrYrvsbA%3D&st=2022-09-11T14%3A43%3A01Z&se=2022-09-11T15%3A18%3A01Z&sp=rw
2022-09-11 16:32:01;2022-09-11 19:48:31;B-30784938-27b3-4dd6-961a-48457698fdcb;ORDER;ABORTED;BILBASEN;1068;;https://schprodykmtrr2v.blob.core.windows.net/dmf/ORDER-B-30784938-27b3-4dd6-961a-48457698fdcb.zip?sv=2014-02-14&sr=b&sig=1vRxNCClaQ%2FTp06rPFz513vDS%2BxW8hkFVyHxHxH7ucY%3D&st=2022-09-11T14%3A27%3A01Z&se=2022-09-11T15%3A02%3A01Z&sp=rw
2022-09-11 16:30:01;2022-09-12 00:42:32;B-41d7c844-a276-480f-a05b-e3f484987e6b;ORDER;ABORTED;DBA;1068;;https://schprodykmtrr2v.blob.core.windows.net/dmf/ORDER-B-41d7c844-a276-480f-a05b-e3f484987e6b.zip?sv=2014-02-14&sr=b&sig=SoIoPA8O5KsSPMuFWZ4EWQ8n04c6pDzk%2BFRXckcJOPU%3D&st=2022-09-11T14%3A25%3A00Z&se=2022-09-11T15%3A00%3A00Z&sp=rw
2022-09-11 16:28:00;2022-09-11 19:42:49;B-b94471c8-ee48-43f5-ba2f-59f2a2ea7ecc;ORDER;ABORTED;BILBASEN;1068;;https://schprodykmtrr2v.blob.core.windows.net/dmf/ORDER-B-b94471c8-ee48-43f5-ba2f-59f2a2ea7ecc.zip?sv=2014-02-14&sr=b&sig=PQvhA946ch13BYmfV56W2z%2FXCDgnE6k79pwZEZM4SLg%3D&st=2022-09-11T14%3A23%3A00Z&se=2022-09-11T14%3A58%3A00Z&sp=rw
2022-09-11 16:14:01;2022-09-12 00:23:09;B-b61f1fbd-48b7-4c72-9fce-1d550388b827;ORDER;ABORTED;DBA;1068;;https://schprodykmtrr2v.blob.core.windows.net/dmf/ORDER-B-b61f1fbd-48b7-4c72-9fce-1d550388b827.zip?sv=2014-02-14&sr=b&sig=5ohsblsEpbYXVYQ8rmbJL86d8hN%2F%2BiSzzl%2BcglSFg4Y%3D&st=2022-09-11T14%3A09%3A00Z&se=2022-09-11T14%3A44%3A00Z&sp=rw
2022-09-11 16:12:00;2022-09-11 19:28:34;B-c68202a5-657b-4094-831e-af6f952f41f0;ORDER;ABORTED;BILBASEN;1068;;https://schprodykmtrr2v.blob.core.windows.net/dmf/ORDER-B-c68202a5-657b-4094-831e-af6f952f41f0.zip?sv=2014-02-14&sr=b&sig=kOZqyxTXc%2FAXg9xAHoXqvHUGhl9JWf8a3MfGIl%2BL2Yw%3D&st=2022-09-11T14%3A07%3A00Z&se=2022-09-11T14%3A42%3A00Z&sp=rw
2022-09-11 16:08:01;2022-09-11 19:10:07;B-a06d76c1-c9c5-406c-9908-6e763f44418c;ORDER;ABORTED;BILBASEN;1068;;https://schprodykmtrr2v.blob.core.windows.net/dmf/ORDER-B-a06d76c1-c9c5-406c-9908-6e763f44418c.zip?sv=2014-02-14&sr=b&sig=vasfcesx7cVl7gRG5bQtYwpNhXAKkpWxUO2s0S0aSI8%3D&st=2022-09-11T14%3A03%3A01Z&se=2022-09-11T14%3A38%3A01Z&sp=rw
2022-09-11 16:04:01;2022-09-12 00:05:03;B-f9424da5-0668-459e-b77c-357f8b081160;ORDER;ABORTED;DBA;1068;;https://schprodykmtrr2v.blob.core.windows.net/dmf/ORDER-B-f9424da5-0668-459e-b77c-357f8b081160.zip?sv=2014-02-14&sr=b&sig=7MrhkJQqvaFdGebyhpUbOj7xHk0H1TINT5ENr67Cdgw%3D&st=2022-09-11T13%3A59%3A00Z&se=2022-09-11T14%3A34%3A00Z&sp=rw
2022-09-11 15:56:01;2022-09-11 23:59:34;B-eb4d488d-b133-447b-819d-f95c293fe793;ORDER;ABORTED;DBA;1068;;https://schprodykmtrr2v.blob.core.windows.net/dmf/ORDER-B-eb4d488d-b133-447b-819d-f95c293fe793.zip?sv=2014-02-14&sr=b&sig=wS4Im%2B3rl2GnDchL7iJN2EVVB6s%2FCiXhbaXdulCk2x8%3D&st=2022-09-11T13%3A51%3A01Z&se=2022-09-11T14%3A26%3A01Z&sp=rw
2022-09-11 15:54:02;2022-09-11 18:57:19;B-5f774142-1045-4087-8cb0-0e05e630ec28;ORDER;ABORTED;BILBASEN;1068;;https://schprodykmtrr2v.blob.core.windows.net/dmf/ORDER-B-5f774142-1045-4087-8cb0-0e05e630ec28.zip?sv=2014-02-14&sr=b&sig=9NZSx0nge%2Fsv1WYFBKnsb8pizVERP7SOvGZsfKOlniQ%3D&st=2022-09-11T13%3A49%3A02Z&se=2022-09-11T14%3A24%3A02Z&sp=rw
2022-09-11 15:52:04;2022-09-11 18:46:52;B-00b4b053-c891-407f-93a4-df48e58b7d1c;ORDER;ABORTED;BILBASEN;1068;;https://schprodykmtrr2v.blob.core.windows.net/dmf/ORDER-B-00b4b053-c891-407f-93a4-df48e58b7d1c.zip?sv=2014-02-14&sr=b&sig=hlkYQiJ6SF%2BkTyJgUbgZaxUONlyJvQyrtPSAfv%2FpWFc%3D&st=2022-09-11T13%3A47%3A04Z&se=2022-09-11T14%3A22%3A04Z&sp=rw
2022-09-11 15:52:03;2022-09-11 23:49:04;B-b6fdcf87-cdd8-46c6-a586-f81032f2f255;ORDER;ABORTED;DBA;1068;;https://schprodykmtrr2v.blob.core.windows.net/dmf/ORDER-B-b6fdcf87-cdd8-46c6-a586-f81032f2f255.zip?sv=2014-02-14&sr=b&sig=hFSwKkbgGDsonscINVqr6t%2FENsP54MO6X1nX4Yjiaes%3D&st=2022-09-11T13%3A47%3A03Z&se=2022-09-11T14%3A22%3A03Z&sp=rw
2022-09-11 15:52:02;2022-09-11 16:05:18;B-9ac4cd93-b0cd-421d-95d6-2c81769a3f4e;ORDER;ABORTED;BOOST;1068;;https://schprodykmtrr2v.blob.core.windows.net/dmf/ORDER-B-9ac4cd93-b0cd-421d-95d6-2c81769a3f4e.zip?sv=2014-02-14&sr=b&sig=SDcAO8sHWp0kL9dHEOW38dDdOmucx207w66mfVmlDM0%3D&st=2022-09-11T13%3A47%3A02Z&se=2022-09-11T14%3A22%3A02Z&sp=rw
2022-09-11 15:46:01;2022-09-11 23:38:48;B-79b9bea1-0cdf-489e-b1d4-f92c89836a35;ORDER;ABORTED;DBA;1068;;https://schprodykmtrr2v.blob.core.windows.net/dmf/ORDER-B-79b9bea1-0cdf-489e-b1d4-f92c89836a35.zip?sv=2014-02-14&sr=b&sig=1NkKHFgvzrGSoxihNh5CUTrPxvqpQkwXTPF%2Bl9jK6aM%3D&st=2022-09-11T13%3A41%3A01Z&se=2022-09-11T14%3A16%3A01Z&sp=rw
2022-09-11 15:42:01;2022-09-11 18:39:51;B-ed3d320a-9a43-4295-b7de-ba473231d224;ORDER;ABORTED;BILBASEN;1068;;https://schprodykmtrr2v.blob.core.windows.net/dmf/ORDER-B-ed3d320a-9a43-4295-b7de-ba473231d224.zip?sv=2014-02-14&sr=b&sig=iOuirQZ6qSK4pujCYcvYYXIwFlhjTm644gLfhE%2BaqxA%3D&st=2022-09-11T13%3A37%3A01Z&se=2022-09-11T14%3A12%3A01Z&sp=rw
2022-09-11 15:40:01;2022-09-11 18:29:34;B-46e22285-72d6-467c-ba03-3f89ba99910c;ORDER;ABORTED;BILBASEN;1068;;https://schprodykmtrr2v.blob.core.windows.net/dmf/ORDER-B-46e22285-72d6-467c-ba03-3f89ba99910c.zip?sv=2014-02-14&sr=b&sig=IiT%2BoTGNNyGjJSYxf6XCPddoq9fDzdkLWyV5OxYh%2F5o%3D&st=2022-09-11T13%3A35%3A02Z&se=2022-09-11T14%3A10%3A02Z&sp=rw
2022-09-11 15:34:01;2022-09-11 23:10:08;B-52e2ac38-36bb-47b4-8f78-9cc5a098cf1b;ORDER;ABORTED;DBA;1068;;https://schprodykmtrr2v.blob.core.windows.net/dmf/ORDER-B-52e2ac38-36bb-47b4-8f78-9cc5a098cf1b.zip?sv=2014-02-14&sr=b&sig=77%2FESgBWm6ScPbkbqxP9TQhpOs4M1Nh%2FWbUug3f15Mc%3D&st=2022-09-11T13%3A29%3A02Z&se=2022-09-11T14%3A04%3A02Z&sp=rw
2022-09-11 15:24:01;2022-09-11 22:41:04;B-e6fbf642-13fc-4b98-9360-fdcc1935368c;ORDER;ABORTED;DBA;1068;;https://schprodykmtrr2v.blob.core.windows.net/dmf/ORDER-B-e6fbf642-13fc-4b98-9360-fdcc1935368c.zip?sv=2014-02-14&sr=b&sig=Kknrea96yh%2F4BpiNdS6BLYWTnu5Ml8%2B0zGkuabCV710%3D&st=2022-09-11T13%3A19%3A01Z&se=2022-09-11T13%3A54%3A01Z&sp=rw
2022-09-11 15:22:01;2022-09-11 17:58:31;B-52676726-1ed1-4a85-9418-a49ad4c1942a;ORDER;ABORTED;BILBASEN;1068;;https://schprodykmtrr2v.blob.core.windows.net/dmf/ORDER-B-52676726-1ed1-4a85-9418-a49ad4c1942a.zip?sv=2014-02-14&sr=b&sig=yLASAqrZ9lcEJFFLumvrwWGucCLxHgvclrgUsiFaPrA%3D&st=2022-09-11T13%3A17%3A01Z&se=2022-09-11T13%3A52%3A01Z&sp=rw
2022-09-11 15:22:01;2022-09-11 22:25:48;B-c192ab3d-4bfb-4eac-880f-0923009e3578;ORDER;ABORTED;DBA;1068;;https://schprodykmtrr2v.blob.core.windows.net/dmf/ORDER-B-c192ab3d-4bfb-4eac-880f-0923009e3578.zip?sv=2014-02-14&sr=b&sig=2OwFRrmaOF%2BxUwC2qgNGAmRmV7UxaBJmqkovLItsHRM%3D&st=2022-09-11T13%3A17%3A01Z&se=2022-09-11T13%3A52%3A01Z&sp=rw
2022-09-11 15:12:01;2022-09-11 22:01:51;B-fd7d4304-ccfa-4e87-b4bb-7681d0d348c5;ORDER;ABORTED;DBA;1068;;https://schprodykmtrr2v.blob.core.windows.net/dmf/ORDER-B-fd7d4304-ccfa-4e87-b4bb-7681d0d348c5.zip?sv=2014-02-14&sr=b&sig=5oJ1cDCJg5cwx7xH%2FokTXeo5f6f3T4DpDLgaDNmyYyg%3D&st=2022-09-11T13%3A07%3A01Z&se=2022-09-11T13%3A42%3A01Z&sp=rw
2022-09-11 15:02:01;2022-09-11 17:31:03;B-b36397f0-957f-48e7-89fd-3e1007df344b;ORDER;ABORTED;BILBASEN;1068;;https://schprodykmtrr2v.blob.core.windows.net/dmf/ORDER-B-b36397f0-957f-48e7-89fd-3e1007df344b.zip?sv=2014-02-14&sr=b&sig=i68P%2B8E93GRcH3drw4s7rOcAsf1Z4d7LmZi%2F5TTx6vY%3D&st=2022-09-11T12%3A57%3A01Z&se=2022-09-11T13%3A32%3A01Z&sp=rw
2022-09-11 14:52:01;2022-09-11 21:27:35;B-5d1959cd-a833-48bf-a783-68816766d118;ORDER;ABORTED;DBA;1068;;https://schprodykmtrr2v.blob.core.windows.net/dmf/ORDER-B-5d1959cd-a833-48bf-a783-68816766d118.zip?sv=2014-02-14&sr=b&sig=rVEbZVF7UXIHe%2F3b7dztFTCTyoVEAm%2FeRyVqFtYUpaQ%3D&st=2022-09-11T12%3A47%3A00Z&se=2022-09-11T13%3A22%3A00Z&sp=rw
2022-09-11 14:52:01;2022-09-11 21:17:25;B-3a60897a-a716-4a3a-8714-8e714d3aa25b;ORDER;ABORTED;DBA;1068;;https://schprodykmtrr2v.blob.core.windows.net/dmf/ORDER-B-3a60897a-a716-4a3a-8714-8e714d3aa25b.zip?sv=2014-02-14&sr=b&sig=%2BHFqu88N%2BZNX8Ye6y0aENlGIrbI39gRwwFVT%2FPApxhE%3D&st=2022-09-11T12%3A47%3A01Z&se=2022-09-11T13%3A22%3A01Z&sp=rw
2022-09-11 14:40:01;2022-09-11 21:12:18;B-b05bae29-9de4-4fad-b8c0-eb655a631b21;ORDER;ABORTED;DBA;1068;;https://schprodykmtrr2v.blob.core.windows.net/dmf/ORDER-B-b05bae29-9de4-4fad-b8c0-eb655a631b21.zip?sv=2014-02-14&sr=b&sig=vWOr8ejirb5IThMQTxH6I%2FdiGgrtlhfBklMuxtWF814%3D&st=2022-09-11T12%3A35%3A01Z&se=2022-09-11T13%3A10%3A01Z&sp=rw
2022-09-11 14:40:02;2022-09-11 21:05:04;B-65b733a4-c581-442a-9b05-feaab9d38aca;ORDER;ABORTED;DBA;1068;;https://schprodykmtrr2v.blob.core.windows.net/dmf/ORDER-B-65b733a4-c581-442a-9b05-feaab9d38aca.zip?sv=2014-02-14&sr=b&sig=IoPvJM0ftgi7MWdadpTVHmlDa%2FhdC4XcnwrQRO8z66c%3D&st=2022-09-11T12%3A35%3A02Z&se=2022-09-11T13%3A10%3A02Z&sp=rw
2022-09-11 14:36:03;2022-09-11 14:42:32;B-6b8f48ac-bf50-4dd0-b822-a788a991b411;ORDER;ABORTED;BOOST;1068;;https://schprodykmtrr2v.blob.core.windows.net/dmf/ORDER-B-6b8f48ac-bf50-4dd0-b822-a788a991b411.zip?sv=2014-02-14&sr=b&sig=ZNSjA6ulTS4dJFdSCnkuImNRySjErQMOohAaR4iCZg4%3D&st=2022-09-11T12%3A31%3A02Z&se=2022-09-11T13%3A06%3A02Z&sp=rw
2022-09-11 14:30:01;2022-09-11 21:04:33;B-c01c5021-aed7-4a76-96af-ab06ed35769b;ORDER;ABORTED;DBA;1068;;https://schprodykmtrr2v.blob.core.windows.net/dmf/ORDER-B-c01c5021-aed7-4a76-96af-ab06ed35769b.zip?sv=2014-02-14&sr=b&sig=UXXIP4QLolgxKFSk6Te0RTNbKuea00e5m9jnpuzeSKU%3D&st=2022-09-11T12%3A25%3A02Z&se=2022-09-11T13%3A00%3A02Z&sp=rw
2022-09-11 14:20:01;2022-09-11 20:31:19;B-37baa5ad-d185-49f8-91d3-16f63549c589;ORDER;ABORTED;DBA;1068;;https://schprodykmtrr2v.blob.core.windows.net/dmf/ORDER-B-37baa5ad-d185-49f8-91d3-16f63549c589.zip?sv=2014-02-14&sr=b&sig=I4D4e3rcpcNxiYwvPW85OD%2FU%2FfMiRqNV0rJgtsn9C%2F4%3D&st=2022-09-11T12%3A15%3A01Z&se=2022-09-11T12%3A50%3A01Z&sp=rw
2022-09-11 14:20:01;2022-09-11 20:20:34;B-58ebff34-3d87-44a3-a8e1-eb19274abdf4;ORDER;ABORTED;DBA;1068;;https://schprodykmtrr2v.blob.core.windows.net/dmf/ORDER-B-58ebff34-3d87-44a3-a8e1-eb19274abdf4.zip?sv=2014-02-14&sr=b&sig=y6rb0DuZwpfIVRyCYHtU5p02%2BrphsXnj6rtfgLJ9Cu4%3D&st=2022-09-11T12%3A15%3A02Z&se=2022-09-11T12%3A50%3A02Z&sp=rw
2022-09-11 14:16:01;2022-09-11 16:15:33;B-94f4d26c-8b42-4f39-a13f-733a0319cdaa;ORDER;ABORTED;BILBASEN;1068;;https://schprodykmtrr2v.blob.core.windows.net/dmf/ORDER-B-94f4d26c-8b42-4f39-a13f-733a0319cdaa.zip?sv=2014-02-14&sr=b&sig=Fx0NlriFec85aq%2BQbPcZYcb0yNV2y12M2p6gTy9ILa0%3D&st=2022-09-11T12%3A11%3A01Z&se=2022-09-11T12%3A46%3A01Z&sp=rw
2022-09-11 14:10:01;2022-09-11 20:15:18;B-251643fc-d9a8-47c5-bc5e-aa76e26388a0;ORDER;ABORTED;DBA;1068;;https://schprodykmtrr2v.blob.core.windows.net/dmf/ORDER-B-251643fc-d9a8-47c5-bc5e-aa76e26388a0.zip?sv=2014-02-14&sr=b&sig=Xjs5brXgH%2FYgsMeEx8YZVepjzJeNcAGR9KEWMlCy3Mk%3D&st=2022-09-11T12%3A05%3A02Z&se=2022-09-11T12%3A40%3A02Z&sp=rw
2022-09-11 14:08:01;2022-09-11 16:10:18;B-97bf88c1-7bce-429b-bd5c-71b2ee92ca92;ORDER;ABORTED;BILBASEN;1068;;https://schprodykmtrr2v.blob.core.windows.net/dmf/ORDER-B-97bf88c1-7bce-429b-bd5c-71b2ee92ca92.zip?sv=2014-02-14&sr=b&sig=O9G1z1zC6j1sFIcZsLnzJVzDxk4heGyZ8kzw%2FK9T2g4%3D&st=2022-09-11T12%3A03%3A01Z&se=2022-09-11T12%3A38%3A01Z&sp=rw
2022-09-11 14:00:01;2022-09-11 19:58:19;B-610a1615-1351-4ad5-9d57-7385d077d690;ORDER;ABORTED;DBA;1068;;https://schprodykmtrr2v.blob.core.windows.net/dmf/ORDER-B-610a1615-1351-4ad5-9d57-7385d077d690.zip?sv=2014-02-14&sr=b&sig=Fhod%2BL8yQ4Rni4SSXaKNWsim21T4%2Fey%2BON1boiFgsmk%3D&st=2022-09-11T11%3A55%3A02Z&se=2022-09-11T12%3A30%3A02Z&sp=rw
2022-09-11 13:48:01;2022-09-11 19:23:33;B-b25c5c41-de20-4414-ba62-edafa70af8ad;ORDER;ABORTED;DBA;1068;;https://schprodykmtrr2v.blob.core.windows.net/dmf/ORDER-B-b25c5c41-de20-4414-ba62-edafa70af8ad.zip?sv=2014-02-14&sr=b&sig=995D4hErZQCvIvtpaMNPqs2TQNcIQ0DzRzi%2FNGnTAwA%3D&st=2022-09-11T11%3A43%3A02Z&se=2022-09-11T12%3A18%3A02Z&sp=rw
2022-09-11 13:42:01;2022-09-11 15:28:19;B-e35d2e08-292a-4e69-a9d0-c52a91662d50;ORDER;ABORTED;BILBASEN;1068;;https://schprodykmtrr2v.blob.core.windows.net/dmf/ORDER-B-e35d2e08-292a-4e69-a9d0-c52a91662d50.zip?sv=2014-02-14&sr=b&sig=qKNk95BbB3eHjwsuqusI9%2Fw7T3cBokq61XUXp2iQ0GE%3D&st=2022-09-11T11%3A37%3A01Z&se=2022-09-11T12%3A12%3A01Z&sp=rw
2022-09-11 13:38:01;2022-09-11 19:05:05;B-9d899317-1a7c-4432-ab19-16a297e58961;ORDER;ABORTED;DBA;1068;;https://schprodykmtrr2v.blob.core.windows.net/dmf/ORDER-B-9d899317-1a7c-4432-ab19-16a297e58961.zip?sv=2014-02-14&sr=b&sig=6l%2Bk060g%2BhCqXz4FzuJezmRQL7DOS2HXa%2FoxaqcGAqk%3D&st=2022-09-11T11%3A33%3A02Z&se=2022-09-11T12%3A08%3A02Z&sp=rw
2022-09-11 13:38:01;2022-09-11 18:52:18;B-5c742c76-3934-4c1f-8c98-aad3564bf831;ORDER;ABORTED;DBA;1068;;https://schprodykmtrr2v.blob.core.windows.net/dmf/ORDER-B-5c742c76-3934-4c1f-8c98-aad3564bf831.zip?sv=2014-02-14&sr=b&sig=T6zc2adYpQxNoqz3TRiRFoFbZ4Ctio%2BoYpPUWxIldQs%3D&st=2022-09-11T11%3A33%3A01Z&se=2022-09-11T12%3A08%3A01Z&sp=rw
2022-09-11 13:36:01;2022-09-11 13:52:24;B-f2555d8e-279e-44cc-86ef-169f9f91102c;ORDER;ABORTED;BOOST;1068;;https://schprodykmtrr2v.blob.core.windows.net/dmf/ORDER-B-f2555d8e-279e-44cc-86ef-169f9f91102c.zip?sv=2014-02-14&sr=b&sig=6a87yHqX7rBMeo%2BC2LKVlNHBF6Aj6lcjBfQMH9kuSfU%3D&st=2022-09-11T11%3A31%3A01Z&se=2022-09-11T12%3A06%3A01Z&sp=rw
2022-09-11 13:30:33;2022-09-11 15:23:01;B-7e294483-67b8-4301-8b5f-cdad7a531346;ORDER;ABORTED;BILBASEN;1068;;https://schprodykmtrr2v.blob.core.windows.net/dmf/ORDER-B-7e294483-67b8-4301-8b5f-cdad7a531346.zip?sv=2014-02-14&sr=b&sig=h5GtXrfyMo051pqxjgXHLuthYvoPldAkuwx9J1PbpDk%3D&st=2022-09-11T11%3A25%3A33Z&se=2022-09-11T12%3A00%3A33Z&sp=rw
2022-09-11 13:26:02;2022-09-11 15:12:47;B-64fbe053-e77f-4949-a44e-2f940ef0d834;ORDER;ABORTED;BILBASEN;1068;;https://schprodykmtrr2v.blob.core.windows.net/dmf/ORDER-B-64fbe053-e77f-4949-a44e-2f940ef0d834.zip?sv=2014-02-14&sr=b&sig=lmFHNxUxZN%2FAO%2FXx%2FZYSXDJwAI%2Bq%2F01TYzpsjwEuQDA%3D&st=2022-09-11T11%3A21%3A02Z&se=2022-09-11T11%3A56%3A02Z&sp=rw
2022-09-11 13:26:01;2022-09-11 18:34:48;B-7772b1d7-a83b-4f79-b33f-ed5588d89347;ORDER;ABORTED;DBA;1068;;https://schprodykmtrr2v.blob.core.windows.net/dmf/ORDER-B-7772b1d7-a83b-4f79-b33f-ed5588d89347.zip?sv=2014-02-14&sr=b&sig=xY2%2F1wubzGiBMYsVxJaS%2F%2BwgDUDUBko%2BT6n7qzB%2F%2FSk%3D&st=2022-09-11T11%3A21%3A02Z&se=2022-09-11T11%3A56%3A02Z&sp=rw
2022-09-11 13:18:01;2022-09-11 18:24:38;B-03f3b8f0-2e43-4b03-84e9-8cd2e5d7ec85;ORDER;ABORTED;DBA;1068;;https://schprodykmtrr2v.blob.core.windows.net/dmf/ORDER-B-03f3b8f0-2e43-4b03-84e9-8cd2e5d7ec85.zip?sv=2014-02-14&sr=b&sig=97dMllHh4DzwIzDJDFP0yRl0K9J2ElV4AXw0UJhxPtQ%3D&st=2022-09-11T11%3A13%3A01Z&se=2022-09-11T11%3A48%3A01Z&sp=rw
2022-09-11 13:16:01;2022-09-11 18:19:14;B-0703cda0-23a6-419e-8def-62fe2f50fdf3;ORDER;ABORTED;DBA;1068;;https://schprodykmtrr2v.blob.core.windows.net/dmf/ORDER-B-0703cda0-23a6-419e-8def-62fe2f50fdf3.zip?sv=2014-02-14&sr=b&sig=fcXB0dyvINZ7JMS4cxj8HXBrbK4cFprccPCzvraI%2FMk%3D&st=2022-09-11T11%3A11%3A02Z&se=2022-09-11T11%3A46%3A02Z&sp=rw
2022-09-11 13:12:03;2022-09-11 13:26:56;B-69f46dd9-204d-446d-a905-212931e32eb1;ORDER;ABORTED;BOOST;1068;;https://schprodykmtrr2v.blob.core.windows.net/dmf/ORDER-B-69f46dd9-204d-446d-a905-212931e32eb1.zip?sv=2014-02-14&sr=b&sig=oNTl%2Bg3CnsxuW4RFMkLFET%2FjhBfBN5Tgo5Lw1dIIC%2FM%3D&st=2022-09-11T11%3A07%3A03Z&se=2022-09-11T11%3A42%3A03Z&sp=rw
2022-09-11 13:08:01;2022-09-11 18:04:44;B-a7ade27f-c80a-4517-8b64-9dc36ed76a0d;ORDER;ABORTED;DBA;1068;;https://schprodykmtrr2v.blob.core.windows.net/dmf/ORDER-B-a7ade27f-c80a-4517-8b64-9dc36ed76a0d.zip?sv=2014-02-14&sr=b&sig=6dgilCMnzatvMyBd1ePjPBWMbzQoQi6wvZakMjSf6%2Bk%3D&st=2022-09-11T11%3A03%3A02Z&se=2022-09-11T11%3A38%3A02Z&sp=rw
2022-09-11 13:06:01;2022-09-11 18:03:16;B-996ab2ad-b535-4055-a669-cf54d907d855;ORDER;ABORTED;DBA;1068;;https://schprodykmtrr2v.blob.core.windows.net/dmf/ORDER-B-996ab2ad-b535-4055-a669-cf54d907d855.zip?sv=2014-02-14&sr=b&sig=5HZpD%2FYcUcH6QcQAYOgDeWKHPhpROJ7hcqIcdU7dGl8%3D&st=2022-09-11T11%3A01%3A02Z&se=2022-09-11T11%3A36%3A02Z&sp=rw
2022-09-11 12:48:01;2022-09-11 17:50:49;B-7c9ed62e-c59b-4063-836f-fd556899d089;ORDER;ABORTED;DBA;1068;;https://schprodykmtrr2v.blob.core.windows.net/dmf/ORDER-B-7c9ed62e-c59b-4063-836f-fd556899d089.zip?sv=2014-02-14&sr=b&sig=jnoUhc%2BbHPdXivl2i1LzlWFTiPyj%2FcHx6cv6T5%2BW2pU%3D&st=2022-09-11T10%3A43%3A01Z&se=2022-09-11T11%3A18%3A01Z&sp=rw
2022-09-11 12:46:01;2022-09-11 17:45:20;B-d4cefd8c-0c3a-4f77-a87f-6f2f6f3d59ca;ORDER;ABORTED;DBA;1068;;https://schprodykmtrr2v.blob.core.windows.net/dmf/ORDER-B-d4cefd8c-0c3a-4f77-a87f-6f2f6f3d59ca.zip?sv=2014-02-14&sr=b&sig=xMY%2BWECqkBp500Wz8tkXaxxJNSX4MFCJomjyzTkJ98E%3D&st=2022-09-11T10%3A41%3A01Z&se=2022-09-11T11%3A16%3A01Z&sp=rw
2022-09-11 12:44:01;2022-09-11 15:01:22;B-3f279e0a-40d9-44d3-8b12-8ad7deac2d50;ORDER;ABORTED;BILBASEN;1068;;https://schprodykmtrr2v.blob.core.windows.net/dmf/ORDER-B-3f279e0a-40d9-44d3-8b12-8ad7deac2d50.zip?sv=2014-02-14&sr=b&sig=aYcIs2KY%2FWfM6VDzlHHECIucKByjPgetKnQ3ajRF%2B50%3D&st=2022-09-11T10%3A39%3A01Z&se=2022-09-11T11%3A14%3A01Z&sp=rw
2022-09-11 12:36:01;2022-09-11 17:40:04;B-1e4a86c3-9e49-4de3-89d9-0dd94e6e528a;ORDER;ABORTED;DBA;1068;;https://schprodykmtrr2v.blob.core.windows.net/dmf/ORDER-B-1e4a86c3-9e49-4de3-89d9-0dd94e6e528a.zip?sv=2014-02-14&sr=b&sig=9NQfLcKaMIXe55rjIwzaX7pIKx4T2K7wzbor%2BLHYr%2Bo%3D&st=2022-09-11T10%3A31%3A01Z&se=2022-09-11T11%3A06%3A01Z&sp=rw
2022-09-11 12:32:01;2022-09-11 12:44:57;B-01754ec5-6759-4f7f-907e-d8e885606574;ORDER;ABORTED;BOOST;1068;;https://schprodykmtrr2v.blob.core.windows.net/dmf/ORDER-B-01754ec5-6759-4f7f-907e-d8e885606574.zip?sv=2014-02-14&sr=b&sig=pxNkBwhrjHsPno9fFf6x2QU3F%2BwJ5%2Fu5id5narWJogo%3D&st=2022-09-11T10%3A27%3A02Z&se=2022-09-11T11%3A02%3A02Z&sp=rw
2022-09-11 12:26:01;2022-09-11 14:47:48;B-532bc7ff-79cb-49c4-8df7-15640d03564e;ORDER;ABORTED;BILBASEN;1068;;https://schprodykmtrr2v.blob.core.windows.net/dmf/ORDER-B-532bc7ff-79cb-49c4-8df7-15640d03564e.zip?sv=2014-02-14&sr=b&sig=vahKk1kUGtQR42iRRnsOl4iBXZF1x5ia6%2BepRnmH6EE%3D&st=2022-09-11T10%3A21%3A01Z&se=2022-09-11T10%3A56%3A01Z&sp=rw
2022-09-11 12:22:58;2022-09-11 12:34:18;B-53af3efd-43d1-4860-91c2-4e97b1fb36f6;CUSTOMER;ABORTED;DYNCRM;1036;;https://schprodykmtrr2v.blob.core.windows.net/dmf/CUSTOMER-B-53af3efd-43d1-4860-91c2-4e97b1fb36f6.zip?sv=2014-02-14&sr=b&sig=A6ylUy2Hc381rIPaTG9Xy%2F6a56P031mg1S2jFX3SsmU%3D&st=2022-09-11T10%3A17%3A58Z&se=2022-09-11T10%3A52%3A58Z&sp=rw
2022-09-11 12:04:01;2022-09-11 16:38:03;B-957fb141-587c-4e51-b93b-69c303ad5287;ORDER;ABORTED;DBA;1068;;https://schprodykmtrr2v.blob.core.windows.net/dmf/ORDER-B-957fb141-587c-4e51-b93b-69c303ad5287.zip?sv=2014-02-14&sr=b&sig=AID4M8v4U3XKQMUo%2BGLD86eLm7884hmzPBq50cf8Wqg%3D&st=2022-09-11T09%3A59%3A02Z&se=2022-09-11T10%3A34%3A02Z&sp=rw
2022-09-11 12:00:02;2022-09-11 14:09:58;B-45799aed-2e84-4a9f-ab77-2685f75d2bd3;ORDER;ABORTED;BILBASEN;1068;;https://schprodykmtrr2v.blob.core.windows.net/dmf/ORDER-B-45799aed-2e84-4a9f-ab77-2685f75d2bd3.zip?sv=2014-02-14&sr=b&sig=B8JspfwbQTrbsWnXttnxuC4rkOr43%2BJqTrFWbJubOqE%3D&st=2022-09-11T09%3A55%3A02Z&se=2022-09-11T10%3A30%3A02Z&sp=rw
2022-09-11 11:56:02;2022-09-11 14:02:26;B-077b3ad9-a946-49b2-b7c0-c3bf33b28a5c;ORDER;ABORTED;BILBASEN;1068;;https://schprodykmtrr2v.blob.core.windows.net/dmf/ORDER-B-077b3ad9-a946-49b2-b7c0-c3bf33b28a5c.zip?sv=2014-02-14&sr=b&sig=A9%2FnQkPzUOAgUBk3rjmuU7p9PfTYj%2BBxehZGo2XtOSU%3D&st=2022-09-11T09%3A51%3A02Z&se=2022-09-11T10%3A26%3A02Z&sp=rw
2022-09-11 11:46:02;2022-09-11 13:47:22;B-1b43822b-2536-4951-b631-a77d0c0e938e;ORDER;ABORTED;BILBASEN;1068;;https://schprodykmtrr2v.blob.core.windows.net/dmf/ORDER-B-1b43822b-2536-4951-b631-a77d0c0e938e.zip?sv=2014-02-14&sr=b&sig=MlOuxzegU2Xjic%2Brb7W35dSIsT0CBg36HXdy0u0giaQ%3D&st=2022-09-11T09%3A41%3A02Z&se=2022-09-11T10%3A16%3A02Z&sp=rw
2022-09-11 11:44:01;2022-09-11 13:37:06;B-d3cd78ba-060b-4d24-9485-baddc9177bd4;ORDER;ABORTED;BILBASEN;1068;;https://schprodykmtrr2v.blob.core.windows.net/dmf/ORDER-B-d3cd78ba-060b-4d24-9485-baddc9177bd4.zip?sv=2014-02-14&sr=b&sig=LON51PAwNvrisWaD9rAMXsUagofJUVPBBJRxuNnH9tE%3D&st=2022-09-11T09%3A39%3A01Z&se=2022-09-11T10%3A14%3A01Z&sp=rw
2022-09-11 11:36:01;2022-09-11 13:21:54;B-c9b37915-4c90-46e9-a8fe-0cc3a431bf64;ORDER;ABORTED;BILBASEN;1068;;https://schprodykmtrr2v.blob.core.windows.net/dmf/ORDER-B-c9b37915-4c90-46e9-a8fe-0cc3a431bf64.zip?sv=2014-02-14&sr=b&sig=tHnFX9dWW73awYd6Ja1Wdft%2Fgi%2BCZ4snt8sTvuXcU5U%3D&st=2022-09-11T09%3A31%3A00Z&se=2022-09-11T10%3A06%3A00Z&sp=rw
2022-09-11 11:32:01;2022-09-11 13:16:48;B-952e194b-c1d9-40e0-9ad0-ce7038002b44;ORDER;ABORTED;BILBASEN;1068;;https://schprodykmtrr2v.blob.core.windows.net/dmf/ORDER-B-952e194b-c1d9-40e0-9ad0-ce7038002b44.zip?sv=2014-02-14&sr=b&sig=iZYwoyjDjICeA%2BlSBNFFBWDSFFiC9m96FJ61Wwg80tw%3D&st=2022-09-11T09%3A27%3A01Z&se=2022-09-11T10%3A02%3A01Z&sp=rw
2022-09-11 11:28:01;2022-09-11 15:17:59;B-f6d04634-a37b-4155-ad8b-a1ee43c1615f;ORDER;ABORTED;DBA;1068;;https://schprodykmtrr2v.blob.core.windows.net/dmf/ORDER-B-f6d04634-a37b-4155-ad8b-a1ee43c1615f.zip?sv=2014-02-14&sr=b&sig=Hi%2FZ3KkrE0RRU%2FC2xpbP9jD77%2BgMKUlF0QfnqW4j%2FqE%3D&st=2022-09-11T09%3A23%3A01Z&se=2022-09-11T09%3A58%3A01Z&sp=rw
2022-09-11 11:22:02;2022-09-11 13:11:41;B-c292a25c-299a-4e36-8567-6de27dc08e8e;ORDER;ABORTED;BILBASEN;1068;;https://schprodykmtrr2v.blob.core.windows.net/dmf/ORDER-B-c292a25c-299a-4e36-8567-6de27dc08e8e.zip?sv=2014-02-14&sr=b&sig=37d%2FCKuXL8hpHiQFq3%2F6kIYkkaMCMK7%2BThjRkLS3zf4%3D&st=2022-09-11T09%3A17%3A03Z&se=2022-09-11T09%3A52%3A03Z&sp=rw
2022-09-11 11:18:01;2022-09-11 13:06:42;B-4f541358-2f91-4d12-91d3-39c4e5280c34;ORDER;ABORTED;BILBASEN;1068;ORDER-BILBASEN-2022-09-11T13:02:34-F697055A26484046909CFB84A87676E5;https://schprodykmtrr2v.blob.core.windows.net/dmf/ORDER-B-4f541358-2f91-4d12-91d3-39c4e5280c34.zip?sv=2014-02-14&sr=b&sig=N4vp%2BGT5aAbFwZt62%2BuXP08LOULheFwFXBsrhjQawD8%3D&st=2022-09-11T09%3A13%3A01Z&se=2022-09-11T09%3A48%3A01Z&sp=rw
2022-09-11 11:12:01;2022-09-11 12:55:50;B-b8629350-333e-47e3-b6ac-a6a67786be68;ORDER;ABORTED;BILBASEN;1068;;https://schprodykmtrr2v.blob.core.windows.net/dmf/ORDER-B-b8629350-333e-47e3-b6ac-a6a67786be68.zip?sv=2014-02-14&sr=b&sig=uz%2BGet%2FspGPXJ7tdsQEdFcTqhvOlUBNNuCXOBlHj%2Fgk%3D&st=2022-09-11T09%3A07%3A00Z&se=2022-09-11T09%3A42%3A00Z&sp=rw
2022-09-11 10:56:02;2022-09-11 13:57:35;B-ae124934-1d57-4fc2-9fcd-24024b7a13d1;ORDER;ABORTED;DBA;1068;;https://schprodykmtrr2v.blob.core.windows.net/dmf/ORDER-B-ae124934-1d57-4fc2-9fcd-24024b7a13d1.zip?sv=2014-02-14&sr=b&sig=cVebOMWFbVamX7fb5J3jQ51AnJ5j5Q4qpfj8CLYwvWQ%3D&st=2022-09-11T08%3A51%3A02Z&se=2022-09-11T09%3A26%3A02Z&sp=rw
2022-09-11 10:50:32;2022-09-11 13:42:19;B-86fffa59-7ba9-4de6-9c7b-f265d6f45b4c;ORDER;ABORTED;DBA;1068;;https://schprodykmtrr2v.blob.core.windows.net/dmf/ORDER-B-86fffa59-7ba9-4de6-9c7b-f265d6f45b4c.zip?sv=2014-02-14&sr=b&sig=oluoSOZSuoRVDcn7yg0%2BfcHHg%2F%2FdW0J4y8rG3z3Qxqw%3D&st=2022-09-11T08%3A45%3A32Z&se=2022-09-11T09%3A20%3A32Z&sp=rw
2022-09-11 10:46:02;2022-09-11 13:32:04;B-263044fe-f47b-4620-be13-cfad621b0985;ORDER;ABORTED;DBA;1068;;https://schprodykmtrr2v.blob.core.windows.net/dmf/ORDER-B-263044fe-f47b-4620-be13-cfad621b0985.zip?sv=2014-02-14&sr=b&sig=XjjQGE9PWNpZeLyPxlB738NktkxD9IqIqqGK4gIShJw%3D&st=2022-09-11T08%3A41%3A02Z&se=2022-09-11T09%3A16%3A02Z&sp=rw
2022-09-11 10:36:01;2022-09-11 11:55:37;B-2e4845df-ad66-4088-ba77-03ac23fe933e;ORDER;ABORTED;BILBASEN;1068;;https://schprodykmtrr2v.blob.core.windows.net/dmf/ORDER-B-2e4845df-ad66-4088-ba77-03ac23fe933e.zip?sv=2014-02-14&sr=b&sig=ujI9pFsTYj3U5%2FlQieaPdiQsWzw8axrO61kXb9CYQkQ%3D&st=2022-09-11T08%3A31%3A01Z&se=2022-09-11T09%3A06%3A01Z&sp=rw
2022-09-11 10:34:02;2022-09-11 13:01:03;B-c9bc2a7a-1600-4dd0-9e9b-0097e738a2ed;ORDER;ABORTED;DBA;1068;;https://schprodykmtrr2v.blob.core.windows.net/dmf/ORDER-B-c9bc2a7a-1600-4dd0-9e9b-0097e738a2ed.zip?sv=2014-02-14&sr=b&sig=fjlmxbdU77A42IVTwor7y0%2Fogj6zo1VPHBLQpZhDmC4%3D&st=2022-09-11T08%3A29%3A02Z&se=2022-09-11T09%3A04%3A02Z&sp=rw
2022-09-11 10:24:54;2022-09-11 10:42:21;B-b7dd7d59-1359-4320-979f-53afb5f9bf36;CUSTOMER;ABORTED;DYNCRM;1036;;https://schprodykmtrr2v.blob.core.windows.net/dmf/CUSTOMER-B-b7dd7d59-1359-4320-979f-53afb5f9bf36.zip?sv=2014-02-14&sr=b&sig=oy7qsu0k6rvT5tcRNKoOqXfd4Ihl6kJSWOUP2hbPb0k%3D&st=2022-09-11T08%3A19%3A55Z&se=2022-09-11T08%3A54%3A55Z&sp=rw
2022-09-11 10:24:01;2022-09-11 12:39:33;B-a63f778c-4658-4736-b97f-e755eb35a984;ORDER;ABORTED;DBA;1068;;https://schprodykmtrr2v.blob.core.windows.net/dmf/ORDER-B-a63f778c-4658-4736-b97f-e755eb35a984.zip?sv=2014-02-14&sr=b&sig=Dabk2WUhWVwisSR0ATXupxsT7O70tGrDn%2FJaZbamfig%3D&st=2022-09-11T08%3A19%3A01Z&se=2022-09-11T08%3A54%3A01Z&sp=rw
2022-09-11 10:22:01;2022-09-11 11:45:28;B-fe09fbd8-c336-439f-8e46-cb29b36f10d2;ORDER;ABORTED;BILBASEN;1068;;https://schprodykmtrr2v.blob.core.windows.net/dmf/ORDER-B-fe09fbd8-c336-439f-8e46-cb29b36f10d2.zip?sv=2014-02-14&sr=b&sig=6p79dE7Z6VngbA%2Faeo9in6xTQeojshkBu%2FXATDI4Gxg%3D&st=2022-09-11T08%3A17%3A01Z&se=2022-09-11T08%3A52%3A01Z&sp=rw
2022-09-11 10:22:01;2022-09-11 10:47:52;B-350c4921-1b86-4500-ae63-21dcde0065ab;ORDER;ABORTED;BOOST;1068;;https://schprodykmtrr2v.blob.core.windows.net/dmf/ORDER-B-350c4921-1b86-4500-ae63-21dcde0065ab.zip?sv=2014-02-14&sr=b&sig=S3icBj%2BAQ4nhQO271H492IPI2daH%2Fnk5o0EuGueo3Wc%3D&st=2022-09-11T08%3A17%3A00Z&se=2022-09-11T08%3A52%3A00Z&sp=rw
2022-09-11 10:20:01;2022-09-11 12:29:18;B-0053ae35-5d1e-4e26-980b-88bf4fa43248;ORDER;ABORTED;DBA;1068;;https://schprodykmtrr2v.blob.core.windows.net/dmf/ORDER-B-0053ae35-5d1e-4e26-980b-88bf4fa43248.zip?sv=2014-02-14&sr=b&sig=ft2ILz9uVLdBS4uV2%2BlwwQI0xisELFKhWtJI111fHu0%3D&st=2022-09-11T08%3A15%3A00Z&se=2022-09-11T08%3A50%3A00Z&sp=rw
2022-09-11 10:14:01;2022-09-11 12:23:49;B-60ec66d9-b098-4387-8746-2403df13ec69;ORDER;ABORTED;DBA;1068;;https://schprodykmtrr2v.blob.core.windows.net/dmf/ORDER-B-60ec66d9-b098-4387-8746-2403df13ec69.zip?sv=2014-02-14&sr=b&sig=j8VSD2vjaWgEoRdt2AOCnxOb01ksq%2BjYOUQiZwaoZOw%3D&st=2022-09-11T08%3A09%3A01Z&se=2022-09-11T08%3A44%3A01Z&sp=rw
2022-09-11 10:08:01;2022-09-11 12:18:33;B-b410d46a-8382-4d47-8b7f-4e6cbbdeb429;ORDER;ABORTED;DBA;1068;;https://schprodykmtrr2v.blob.core.windows.net/dmf/ORDER-B-b410d46a-8382-4d47-8b7f-4e6cbbdeb429.zip?sv=2014-02-14&sr=b&sig=JXxmJHMGCeDwgBkdOm0JYgpoCauTvA2Ahjwx9GZQ0EA%3D&st=2022-09-11T08%3A03%3A01Z&se=2022-09-11T08%3A38%3A01Z&sp=rw
2022-09-11 10:04:01;2022-09-11 12:13:23;B-53bf43b2-57eb-4e47-9850-53e4266fae75;ORDER;ABORTED;DBA;1068;;https://schprodykmtrr2v.blob.core.windows.net/dmf/ORDER-B-53bf43b2-57eb-4e47-9850-53e4266fae75.zip?sv=2014-02-14&sr=b&sig=6BOkO2GzFOS2RoA0FHyuhYk3hI0TCcdyQ%2BccITlfahM%3D&st=2022-09-11T07%3A59%3A01Z&se=2022-09-11T08%3A34%3A01Z&sp=rw
2022-09-11 10:02:00;2022-09-11 10:17:21;B-394660e8-e2f4-451d-92a7-056df99fc939;ORDER;ABORTED;BOOST;1068;;https://schprodykmtrr2v.blob.core.windows.net/dmf/ORDER-B-394660e8-e2f4-451d-92a7-056df99fc939.zip?sv=2014-02-14&sr=b&sig=877Y42zjbzhC%2BEPnObBl2dsmTzdr2K3z4aT8IpR5%2FgQ%3D&st=2022-09-11T07%3A57%3A01Z&se=2022-09-11T08%3A32%3A01Z&sp=rw
2022-09-11 09:54:01;2022-09-11 11:50:35;B-92e8405d-b70e-445c-9274-7735af864137;ORDER;ABORTED;DBA;1068;;https://schprodykmtrr2v.blob.core.windows.net/dmf/ORDER-B-92e8405d-b70e-445c-9274-7735af864137.zip?sv=2014-02-14&sr=b&sig=9NHVkHx76J4NHnSf2UTPffXCChBBrv2cq5rRcBy35M4%3D&st=2022-09-11T07%3A49%3A01Z&se=2022-09-11T08%3A24%3A01Z&sp=rw
2022-09-11 09:52:01;2022-09-11 09:57:29;B-ac7a71d6-1441-4fc9-aad9-3b41efef3868;ORDER;ABORTED;BOOST;1068;;https://schprodykmtrr2v.blob.core.windows.net/dmf/ORDER-B-ac7a71d6-1441-4fc9-aad9-3b41efef3868.zip?sv=2014-02-14&sr=b&sig=oOi%2FqQagCLlygJbI4EbU7Jn51Vl7WRbAZBb87jiUmnQ%3D&st=2022-09-11T07%3A47%3A01Z&se=2022-09-11T08%3A22%3A01Z&sp=rw
2022-09-11 09:46:01;2022-09-11 11:40:33;B-2a49be53-a818-4e39-9583-a7c91fc6baef;ORDER;ABORTED;DBA;1068;;https://schprodykmtrr2v.blob.core.windows.net/dmf/ORDER-B-2a49be53-a818-4e39-9583-a7c91fc6baef.zip?sv=2014-02-14&sr=b&sig=j%2FBnmu4EKlpFrYawtyTXqqa10XPtYFsE6bCFmfD27U8%3D&st=2022-09-11T07%3A41%3A01Z&se=2022-09-11T08%3A16%3A01Z&sp=rw
2022-09-11 09:42:01;2022-09-11 09:47:03;B-beb60ac3-17a3-48f0-90be-2590c08ec68e;ORDER;ABORTED;BOOST;1068;;https://schprodykmtrr2v.blob.core.windows.net/dmf/ORDER-B-beb60ac3-17a3-48f0-90be-2590c08ec68e.zip?sv=2014-02-14&sr=b&sig=Zg1cN62kOMxgD%2B%2BBRn7OxCU0MK7KRmGQTsRHSba8HGM%3D&st=2022-09-11T07%3A37%3A01Z&se=2022-09-11T08%3A12%3A01Z&sp=rw
2022-09-11 09:36:01;2022-09-11 11:30:05;B-50ff64e1-bd63-45a9-81dc-90c732683546;ORDER;ABORTED;DBA;1068;;https://schprodykmtrr2v.blob.core.windows.net/dmf/ORDER-B-50ff64e1-bd63-45a9-81dc-90c732683546.zip?sv=2014-02-14&sr=b&sig=4V5QNpR8Jv6%2F5HDgg9qqsJkmk6misxAveNXGzCllNrI%3D&st=2022-09-11T07%3A31%3A01Z&se=2022-09-11T08%3A06%3A01Z&sp=rw
2022-09-11 09:32:01;2022-09-11 11:25:03;B-654906c0-de7c-49bf-ae3e-ba041e1ccfc1;ORDER;ABORTED;DBA;1068;;https://schprodykmtrr2v.blob.core.windows.net/dmf/ORDER-B-654906c0-de7c-49bf-ae3e-ba041e1ccfc1.zip?sv=2014-02-14&sr=b&sig=0emMLJ%2BiJq5rjWvDpo08zZz%2F1%2FxQ9nqqXSa0huBIkc4%3D&st=2022-09-11T07%3A27%3A00Z&se=2022-09-11T08%3A02%3A00Z&sp=rw
2022-09-11 09:10:01;2022-09-11 10:37:02;B-5b5fe2bf-3619-4638-847d-adaf2b6c8462;ORDER;ABORTED;DBA;1068;;https://schprodykmtrr2v.blob.core.windows.net/dmf/ORDER-B-5b5fe2bf-3619-4638-847d-adaf2b6c8462.zip?sv=2014-02-14&sr=b&sig=YIy8xjoIrFpm3tJo7lWifR%2BTf294qPWF0cbNyOW45%2FQ%3D&st=2022-09-11T07%3A05%3A01Z&se=2022-09-11T07%3A40%3A01Z&sp=rw
2022-09-11 09:04:01;2022-09-11 10:22:33;B-ebab5615-7d15-4969-9f96-75138925c42b;ORDER;ABORTED;DBA;1068;;https://schprodykmtrr2v.blob.core.windows.net/dmf/ORDER-B-ebab5615-7d15-4969-9f96-75138925c42b.zip?sv=2014-02-14&sr=b&sig=gD018hUqhjUAnEZwZY9BAh0714Pj2XQNjWVqP80OJcw%3D&st=2022-09-11T06%3A59%3A01Z&se=2022-09-11T07%3A34%3A01Z&sp=rw
2022-09-11 09:00:01;2022-09-11 10:12:19;B-628d1f9c-c095-4567-a7c7-58e70dc752fc;ORDER;ABORTED;DBA;1068;;https://schprodykmtrr2v.blob.core.windows.net/dmf/ORDER-B-628d1f9c-c095-4567-a7c7-58e70dc752fc.zip?sv=2014-02-14&sr=b&sig=T%2FYDde4H8sYXDywzJdtEDWN28kx3s82RrEj80X4KpjE%3D&st=2022-09-11T06%3A55%3A01Z&se=2022-09-11T07%3A30%3A01Z&sp=rw
2022-09-11 08:58:00;2022-09-11 09:03:19;B-287c9157-8a11-4ecb-b1c4-ebe349350c3a;ORDER;ABORTED;BILBASEN;1068;;https://schprodykmtrr2v.blob.core.windows.net/dmf/ORDER-B-287c9157-8a11-4ecb-b1c4-ebe349350c3a.zip?sv=2014-02-14&sr=b&sig=nO8o5MWCBaHI%2BRyF4QfQMwEgL1IrF5B8GMQSQ9NSGCo%3D&st=2022-09-11T06%3A53%3A01Z&se=2022-09-11T07%3A28%3A01Z&sp=rw
2022-09-11 08:52:01;2022-09-11 10:07:04;B-86d79a79-80a2-48da-9835-6fda77ea5fa1;ORDER;ABORTED;DBA;1068;;https://schprodykmtrr2v.blob.core.windows.net/dmf/ORDER-B-86d79a79-80a2-48da-9835-6fda77ea5fa1.zip?sv=2014-02-14&sr=b&sig=%2F%2FPPo7PYE0CrKrTXtzL6q6r0OJsIa%2FvftPS9cPyqRmY%3D&st=2022-09-11T06%3A47%3A01Z&se=2022-09-11T07%3A22%3A01Z&sp=rw
2022-09-11 08:32:01;2022-09-11 09:19:05;B-80d276db-6c7b-4376-9be2-0c67ff65f9f7;ORDER;ABORTED;DBA;1068;;https://schprodykmtrr2v.blob.core.windows.net/dmf/ORDER-B-80d276db-6c7b-4376-9be2-0c67ff65f9f7.zip?sv=2014-02-14&sr=b&sig=n4cbOXmFX4pdZFz12EvUDTWQbBERxJIv3HkcFzkj%2BOM%3D&st=2022-09-11T06%3A27%3A01Z&se=2022-09-11T07%3A02%3A01Z&sp=rw
2022-09-11 08:32:01;2022-09-11 08:37:18;B-d2a44ad4-ea12-442f-ae1d-6c5309d65347;ORDER;ABORTED;BILBASEN;1068;;https://schprodykmtrr2v.blob.core.windows.net/dmf/ORDER-B-d2a44ad4-ea12-442f-ae1d-6c5309d65347.zip?sv=2014-02-14&sr=b&sig=K0sI%2B09WvPOgi6rDV%2BP98sQf%2F0KlnWq438jmFHS4WRE%3D&st=2022-09-11T06%3A27%3A01Z&se=2022-09-11T07%3A02%3A01Z&sp=rw
2022-09-11 08:30:00;2022-09-11 09:13:48;B-5276b8b5-4d54-487e-b251-69c5096e59ca;ORDER;ABORTED;DBA;1068;;https://schprodykmtrr2v.blob.core.windows.net/dmf/ORDER-B-5276b8b5-4d54-487e-b251-69c5096e59ca.zip?sv=2014-02-14&sr=b&sig=mOIzgWPmBlsQFrAQKf6dbanVbDIxLtTYeuPnrlzF9HU%3D&st=2022-09-11T06%3A25%3A00Z&se=2022-09-11T07%3A00%3A00Z&sp=rw
2022-09-11 08:12:01;2022-09-11 08:20:22;B-62b5c375-4267-4c50-9014-77aa5ab5c18c;ORDER;ABORTED;BOOST;1068;;https://schprodykmtrr2v.blob.core.windows.net/dmf/ORDER-B-62b5c375-4267-4c50-9014-77aa5ab5c18c.zip?sv=2014-02-14&sr=b&sig=QmTvKRBHvfQIsn47XOBJs8AiSJ8dkR7dGauI%2BKfOCWc%3D&st=2022-09-11T06%3A07%3A01Z&se=2022-09-11T06%3A42%3A01Z&sp=rw
2022-09-11 08:10:36;2022-09-11 08:15:32;B-0fbf93c0-c12d-414e-a7d8-a0f1519a0596;CUSTOMER;ABORTED;DI_NO;1000;;https://schprodykmtrr2v.blob.core.windows.net/dmf/CUSTOMER-B-0fbf93c0-c12d-414e-a7d8-a0f1519a0596.zip?sv=2014-02-14&sr=b&sig=q43sa2CeuDN7AN%2BMMEE4I0gH5%2FhQqmWc0AAPlMG395A%3D&st=2022-09-11T06%3A05%3A36Z&se=2022-09-11T06%3A40%3A36Z&sp=rw
2022-09-11 08:00:01;2022-09-11 08:25:33;B-36dc1f98-9525-4072-bd76-257da6621112;ORDER;ABORTED;DBA;1068;;https://schprodykmtrr2v.blob.core.windows.net/dmf/ORDER-B-36dc1f98-9525-4072-bd76-257da6621112.zip?sv=2014-02-14&sr=b&sig=Hz3%2Bht6uXj14H3wQCRcPSbMMGBBBH5KU%2F5nSBQhIv%2B0%3D&st=2022-09-11T05%3A55%3A01Z&se=2022-09-11T06%3A30%3A01Z&sp=rw
2022-09-11 07:38:00;2022-09-11 07:59:19;B-460ced45-82e2-4a1d-ac35-c62ff4e0566f;ORDER;ABORTED;DBA;1068;;https://schprodykmtrr2v.blob.core.windows.net/dmf/ORDER-B-460ced45-82e2-4a1d-ac35-c62ff4e0566f.zip?sv=2014-02-14&sr=b&sig=owKrgiX1AQpIzkFufWtnuEJ96daTc9nVmFX3ZVFbKIw%3D&st=2022-09-11T05%3A33%3A00Z&se=2022-09-11T06%3A08%3A00Z&sp=rw
2022-09-11 07:28:00;2022-09-11 07:46:04;B-32924e38-7db0-4d5c-beca-f58326945cd2;ORDER;ABORTED;DBA;1068;;https://schprodykmtrr2v.blob.core.windows.net/dmf/ORDER-B-32924e38-7db0-4d5c-beca-f58326945cd2.zip?sv=2014-02-14&sr=b&sig=Pd8jy2Nu1lX81gE56dyjRJgpcjYgCxyMDy%2F9%2F08FpL8%3D&st=2022-09-11T05%3A23%3A00Z&se=2022-09-11T05%3A58%3A00Z&sp=rw
2022-09-11 07:10:00;2022-09-11 07:22:22;B-c71c0fca-55e2-4720-aa4b-2f89d0a33135;ORDER;ABORTED;BILBASEN;1068;;https://schprodykmtrr2v.blob.core.windows.net/dmf/ORDER-B-c71c0fca-55e2-4720-aa4b-2f89d0a33135.zip?sv=2014-02-14&sr=b&sig=Xjy2Hu8Zy3ZnrMqeKZ%2BYzlB%2F5CfIdjsdVANz%2FtL%2BQWY%3D&st=2022-09-11T05%3A05%3A01Z&se=2022-09-11T05%3A40%3A01Z&sp=rw
2022-09-11 07:08:02;2022-09-11 07:17:19;B-696e8e94-2b51-42f2-a58a-a752b334f755;ORDER;ABORTED;DBA;1068;;https://schprodykmtrr2v.blob.core.windows.net/dmf/ORDER-B-696e8e94-2b51-42f2-a58a-a752b334f755.zip?sv=2014-02-14&sr=b&sig=8EJpvOk7I0AV7Mgep3xbjzoZiWjLN19LPprNRWQsNcQ%3D&st=2022-09-11T05%3A03%3A02Z&se=2022-09-11T05%3A38%3A02Z&sp=rw
2022-09-11 07:02:00;2022-09-11 07:07:04;B-c824ada1-b211-43ee-84ae-cbeff77996a4;ORDER;ABORTED;BILBASEN;1068;;https://schprodykmtrr2v.blob.core.windows.net/dmf/ORDER-B-c824ada1-b211-43ee-84ae-cbeff77996a4.zip?sv=2014-02-14&sr=b&sig=1ek7Uq%2BWZmDV74YJs6mcJ5980yQ7NfsgmoVAloVjIX4%3D&st=2022-09-11T04%3A57%3A01Z&se=2022-09-11T05%3A32%3A01Z&sp=rw
2022-09-11 07:02:00;2022-09-11 07:12:06;B-70207a35-fcac-4d20-b3cf-cf20f2de3fe6;ORDER;ABORTED;DBA;1068;;https://schprodykmtrr2v.blob.core.windows.net/dmf/ORDER-B-70207a35-fcac-4d20-b3cf-cf20f2de3fe6.zip?sv=2014-02-14&sr=b&sig=ITdSpuHouLPbLbKWHSjNjF6NnI3sO9HMLdrW69l5MII%3D&st=2022-09-11T04%3A57%3A01Z&se=2022-09-11T05%3A32%3A01Z&sp=rw
2022-09-11 06:58:00;2022-09-11 07:03:13;B-8ce77c68-f308-455d-89be-8f75db00f624;ORDER;ABORTED;DBA;1068;;https://schprodykmtrr2v.blob.core.windows.net/dmf/ORDER-B-8ce77c68-f308-455d-89be-8f75db00f624.zip?sv=2014-02-14&sr=b&sig=qvuAdtoI0%2Bft%2BokaXDujOSl7eR98nfRiydDmh7qQJog%3D&st=2022-09-11T04%3A53%3A01Z&se=2022-09-11T05%3A28%3A01Z&sp=rw
2022-09-11 06:46:01;2022-09-11 06:58:18;B-ac919b72-23d2-4080-b956-93a68074ed93;ORDER;ABORTED;DBA;1068;;https://schprodykmtrr2v.blob.core.windows.net/dmf/ORDER-B-ac919b72-23d2-4080-b956-93a68074ed93.zip?sv=2014-02-14&sr=b&sig=vZ40cV4j%2Fgc3qL2YEq0rgxka5pW6QeF6nP49ZS08Nk8%3D&st=2022-09-11T04%3A41%3A02Z&se=2022-09-11T05%3A16%3A02Z&sp=rw
2022-09-10 23:36:00;2022-09-10 23:53:21;B-85bfbd97-6ec6-495d-a8c7-e3bb5334d86c;ORDER;ABORTED;BILBASEN;1068;;https://schprodykmtrr2v.blob.core.windows.net/dmf/ORDER-B-85bfbd97-6ec6-495d-a8c7-e3bb5334d86c.zip?sv=2014-02-14&sr=b&sig=S6Y%2FYT%2FWuOJzQ2l17StOOIEHZWXJR8lTB535m3Xfuig%3D&st=2022-09-10T21%3A31%3A00Z&se=2022-09-10T22%3A06%3A00Z&sp=rw
2022-09-10 22:14:00;2022-09-10 22:40:49;B-d9d30b7a-cbc2-4c4c-98d7-39ac07c44f84;ORDER;ABORTED;BILBASEN;1068;;https://schprodykmtrr2v.blob.core.windows.net/dmf/ORDER-B-d9d30b7a-cbc2-4c4c-98d7-39ac07c44f84.zip?sv=2014-02-14&sr=b&sig=Bi2Ewp9Ha95MnIbd9w%2BD5HoqIiVUA2JXEOFWsHWXN0Y%3D&st=2022-09-10T20%3A09%3A00Z&se=2022-09-10T20%3A44%3A00Z&sp=rw
2022-09-10 21:22:00;2022-09-10 22:14:47;B-8493288b-efb8-422c-9b4d-43acf74ed982;ORDER;ABORTED;BILBASEN;1068;;https://schprodykmtrr2v.blob.core.windows.net/dmf/ORDER-B-8493288b-efb8-422c-9b4d-43acf74ed982.zip?sv=2014-02-14&sr=b&sig=MeR9GFYsDo5pOcsvlW%2F8Y1ODVQe%2BioxGNDDsPa5b3dI%3D&st=2022-09-10T19%3A17%3A00Z&se=2022-09-10T19%3A52%3A00Z&sp=rw
2022-09-10 20:46:00;2022-09-10 21:44:51;B-a5d5b0e2-3038-492b-acac-2eea4c1c9f82;ORDER;ABORTED;BILBASEN;1068;;https://schprodykmtrr2v.blob.core.windows.net/dmf/ORDER-B-a5d5b0e2-3038-492b-acac-2eea4c1c9f82.zip?sv=2014-02-14&sr=b&sig=6%2BU0Rz5Ns79gtw8esg1vgH7NyPB776YfDIgr4A%2F4LnE%3D&st=2022-09-10T18%3A41%3A01Z&se=2022-09-10T19%3A16%3A01Z&sp=rw
2022-09-10 20:40:00;2022-09-10 21:34:34;B-0e5d1ba7-6453-4d9b-84e4-d21ef5a346a0;ORDER;ABORTED;BILBASEN;1068;;https://schprodykmtrr2v.blob.core.windows.net/dmf/ORDER-B-0e5d1ba7-6453-4d9b-84e4-d21ef5a346a0.zip?sv=2014-02-14&sr=b&sig=YFwuDUZD6B3p6jZc9NYpbKDZiWHjo9VPiIjTS5cP76s%3D&st=2022-09-10T18%3A35%3A01Z&se=2022-09-10T19%3A10%3A01Z&sp=rw
2022-09-10 20:28:01;2022-09-10 21:29:26;B-c5fe2260-588f-44f3-bebc-4b8068b317d2;ORDER;ABORTED;BILBASEN;1068;;https://schprodykmtrr2v.blob.core.windows.net/dmf/ORDER-B-c5fe2260-588f-44f3-bebc-4b8068b317d2.zip?sv=2014-02-14&sr=b&sig=vmN685rQTVCLLs13MLA4i8rsAAurn46ZKCz3Kk%2BQUIY%3D&st=2022-09-10T18%3A23%3A01Z&se=2022-09-10T18%3A58%3A01Z&sp=rw
2022-09-10 20:02:00;2022-09-10 21:22:48;B-5dbb2fce-5916-4284-8d07-c38c2323ad8e;ORDER;ABORTED;BILBASEN;1068;;https://schprodykmtrr2v.blob.core.windows.net/dmf/ORDER-B-5dbb2fce-5916-4284-8d07-c38c2323ad8e.zip?sv=2014-02-14&sr=b&sig=EEHMdjZRSSPzEuml%2FwrDKq2WMKvjTiC5UU2W0bb8VK0%3D&st=2022-09-10T17%3A57%3A00Z&se=2022-09-10T18%3A32%3A00Z&sp=rw
2022-09-10 19:48:01;2022-09-10 20:50:41;B-a0c3760d-b944-428d-b361-6caf89a97af5;ORDER;ABORTED;BILBASEN;1068;;https://schprodykmtrr2v.blob.core.windows.net/dmf/ORDER-B-a0c3760d-b944-428d-b361-6caf89a97af5.zip?sv=2014-02-14&sr=b&sig=P%2F%2Fn7lUkJFe%2F1Rw%2BiYOcPmeELMcrCTvK5YxKd1gOEqo%3D&st=2022-09-10T17%3A43%3A02Z&se=2022-09-10T18%3A18%3A02Z&sp=rw
2022-09-10 19:30:01;2022-09-10 20:40:48;B-32997739-d42b-4287-80c6-b871ba35c8c9;ORDER;ABORTED;BILBASEN;1068;;https://schprodykmtrr2v.blob.core.windows.net/dmf/ORDER-B-32997739-d42b-4287-80c6-b871ba35c8c9.zip?sv=2014-02-14&sr=b&sig=cyLV6S4q%2BzN2HwRj7Ds00qa3qfcoVNpzzTPRbLq9nWc%3D&st=2022-09-10T17%3A25%3A02Z&se=2022-09-10T18%3A00%3A02Z&sp=rw
2022-09-10 19:26:01;2022-09-10 23:45:49;B-594fa604-78a2-40f8-b1e0-4650d2f6ac9c;ORDER;ABORTED;DBA;1068;;https://schprodykmtrr2v.blob.core.windows.net/dmf/ORDER-B-594fa604-78a2-40f8-b1e0-4650d2f6ac9c.zip?sv=2014-02-14&sr=b&sig=LW7RGULjx2f69yCxLfr8UXhYzpuiavZKh7ehuklK7vM%3D&st=2022-09-10T17%3A21%3A01Z&se=2022-09-10T17%3A56%3A01Z&sp=rw
2022-09-10 19:16:01;2022-09-10 23:22:18;B-b2ecadca-ecc9-40b4-982b-b7b9e796b322;ORDER;ABORTED;DBA;1068;;https://schprodykmtrr2v.blob.core.windows.net/dmf/ORDER-B-b2ecadca-ecc9-40b4-982b-b7b9e796b322.zip?sv=2014-02-14&sr=b&sig=fstqGmvhTtFV17FMOhSR7eJinsiqoP9RYC7EsSE98O0%3D&st=2022-09-10T17%3A11%3A01Z&se=2022-09-10T17%3A46%3A01Z&sp=rw
2022-09-10 19:06:06;2022-09-10 20:07:30;B-ec2648fd-c1df-4b30-afce-4b64daf3ab86;ORDER;ABORTED;BILBASEN;1068;;https://schprodykmtrr2v.blob.core.windows.net/dmf/ORDER-B-ec2648fd-c1df-4b30-afce-4b64daf3ab86.zip?sv=2014-02-14&sr=b&sig=k9kwXLkyuW4WzISccvzoQmZ%2FqNQwE60JJGteW%2B8ct3s%3D&st=2022-09-10T17%3A01%3A06Z&se=2022-09-10T17%3A36%3A06Z&sp=rw
2022-09-10 19:04:01;2022-09-10 23:05:04;B-6f96d766-1b6a-423d-840c-5e873a9d2c81;ORDER;ABORTED;DBA;1068;;https://schprodykmtrr2v.blob.core.windows.net/dmf/ORDER-B-6f96d766-1b6a-423d-840c-5e873a9d2c81.zip?sv=2014-02-14&sr=b&sig=PnJj3w57cnMyN6%2FKQErJVl3eLAtmxPgk1dKDAyLuRUY%3D&st=2022-09-10T16%3A59%3A01Z&se=2022-09-10T17%3A34%3A01Z&sp=rw
2022-09-10 18:56:01;2022-09-10 23:02:04;B-d405a183-eb1a-4068-9dc5-7a59adc7b32c;ORDER;ABORTED;DBA;1068;;https://schprodykmtrr2v.blob.core.windows.net/dmf/ORDER-B-d405a183-eb1a-4068-9dc5-7a59adc7b32c.zip?sv=2014-02-14&sr=b&sig=dfpkQ6LLYVxmWsKzQIid%2B1a8Pi5ubn1RfQXpWsZhpM0%3D&st=2022-09-10T16%3A51%3A01Z&se=2022-09-10T17%3A26%3A01Z&sp=rw
2022-09-10 18:52:01;2022-09-10 22:55:04;B-781da8fa-3caa-478b-a67b-5be23d7325a7;ORDER;ABORTED;DBA;1068;;https://schprodykmtrr2v.blob.core.windows.net/dmf/ORDER-B-781da8fa-3caa-478b-a67b-5be23d7325a7.zip?sv=2014-02-14&sr=b&sig=QqYiBWV%2Fdz5g74mouHViObMSY5ALflaH6ctTqXC1EpE%3D&st=2022-09-10T16%3A47%3A02Z&se=2022-09-10T17%3A22%3A02Z&sp=rw
2022-09-10 18:44:01;2022-09-10 22:49:54;B-8e52a010-077a-4184-93e3-43bca7e162ab;ORDER;ABORTED;DBA;1068;;https://schprodykmtrr2v.blob.core.windows.net/dmf/ORDER-B-8e52a010-077a-4184-93e3-43bca7e162ab.zip?sv=2014-02-14&sr=b&sig=O6rsl9p0%2FaKCAwyLwssRJHw3F8u2hFSFFm7bS1h%2BIQE%3D&st=2022-09-10T16%3A39%3A01Z&se=2022-09-10T17%3A14%3A01Z&sp=rw
2022-09-10 18:32:01;2022-09-10 22:34:18;B-5a4b0dae-897e-4b0f-8abb-9af508dd1340;ORDER;ABORTED;DBA;1068;;https://schprodykmtrr2v.blob.core.windows.net/dmf/ORDER-B-5a4b0dae-897e-4b0f-8abb-9af508dd1340.zip?sv=2014-02-14&sr=b&sig=1RSIbnRvrbwXps%2B1PdrrTgHDQ%2FWLqimJ3l5JVBFOhrc%3D&st=2022-09-10T16%3A27%3A00Z&se=2022-09-10T17%3A02%3A00Z&sp=rw
2022-09-10 18:12:01;2022-09-10 18:55:36;B-060861dd-0387-44df-90f8-27bb98f4c7c4;ORDER;ABORTED;BILBASEN;1068;;https://schprodykmtrr2v.blob.core.windows.net/dmf/ORDER-B-060861dd-0387-44df-90f8-27bb98f4c7c4.zip?sv=2014-02-14&sr=b&sig=a%2F1HWME%2BHhJH%2FhzUlIPXNXU46bWA5XORfYptWWrm84M%3D&st=2022-09-10T16%3A07%3A01Z&se=2022-09-10T16%3A42%3A01Z&sp=rw
2022-09-10 18:10:01;2022-09-10 22:02:04;B-acb31c30-a951-4052-97fd-c63c903f2c6b;ORDER;ABORTED;DBA;1068;;https://schprodykmtrr2v.blob.core.windows.net/dmf/ORDER-B-acb31c30-a951-4052-97fd-c63c903f2c6b.zip?sv=2014-02-14&sr=b&sig=Hw%2FFp%2FpuJnbhJKCqGCoh4tjCeSQJ6AMtieM6RGbAH6c%3D&st=2022-09-10T16%3A05%3A02Z&se=2022-09-10T16%3A40%3A02Z&sp=rw
2022-09-10 18:00:01;2022-09-10 21:56:48;B-c48fb7c4-451b-4091-9c52-72763dc068f5;ORDER;ABORTED;DBA;1068;;https://schprodykmtrr2v.blob.core.windows.net/dmf/ORDER-B-c48fb7c4-451b-4091-9c52-72763dc068f5.zip?sv=2014-02-14&sr=b&sig=lMaddQuFQXigiEQUoxoY68PzVphewDA2CHXGPQZehuI%3D&st=2022-09-10T15%3A55%3A02Z&se=2022-09-10T16%3A30%3A02Z&sp=rw
2022-09-10 18:00:01;2022-09-10 21:50:05;B-cb76a7f7-5273-40df-b3e3-d83d3e87a933;ORDER;ABORTED;DBA;1068;;https://schprodykmtrr2v.blob.core.windows.net/dmf/ORDER-B-cb76a7f7-5273-40df-b3e3-d83d3e87a933.zip?sv=2014-02-14&sr=b&sig=gjJF7z7gw9psF6bR%2B2IcofM%2FFpMZzj0BQOW0KWMPbvM%3D&st=2022-09-10T15%3A55%3A01Z&se=2022-09-10T16%3A30%3A01Z&sp=rw
2022-09-10 17:50:01;2022-09-10 21:39:49;B-a5617580-a2b3-4114-a9a4-df7d7dfe086c;ORDER;ABORTED;DBA;1068;;https://schprodykmtrr2v.blob.core.windows.net/dmf/ORDER-B-a5617580-a2b3-4114-a9a4-df7d7dfe086c.zip?sv=2014-02-14&sr=b&sig=ZIP3wfZdKNZH%2FHsayCJm5CCa9Li1496GNFiQB5fvAn8%3D&st=2022-09-10T15%3A45%3A00Z&se=2022-09-10T16%3A20%3A00Z&sp=rw
2022-09-10 17:40:00;2022-09-10 21:14:04;B-3b2dad89-8716-4900-9140-fc4415924584;ORDER;ABORTED;DBA;1068;;https://schprodykmtrr2v.blob.core.windows.net/dmf/ORDER-B-3b2dad89-8716-4900-9140-fc4415924584.zip?sv=2014-02-14&sr=b&sig=Tx5EZPbwvlWEaYi1wJEp%2Fkhx7dchaCp8MV392mkx8FQ%3D&st=2022-09-10T15%3A35%3A01Z&se=2022-09-10T16%3A10%3A01Z&sp=rw
2022-09-10 17:28:02;2022-09-10 21:05:05;B-a0adf6eb-1d7e-4423-8392-db7646af410e;ORDER;ABORTED;DBA;1068;;https://schprodykmtrr2v.blob.core.windows.net/dmf/ORDER-B-a0adf6eb-1d7e-4423-8392-db7646af410e.zip?sv=2014-02-14&sr=b&sig=uxgNOXfsmAGgB5n4u%2F075hZrZDfWZqfyueDR8AfroHg%3D&st=2022-09-10T15%3A23%3A02Z&se=2022-09-10T15%3A58%3A02Z&sp=rw
2022-09-10 17:28:02;2022-09-10 21:04:03;B-8271742b-c8b7-474b-8cd8-f5d341862957;ORDER;ABORTED;DBA;1068;;https://schprodykmtrr2v.blob.core.windows.net/dmf/ORDER-B-8271742b-c8b7-474b-8cd8-f5d341862957.zip?sv=2014-02-14&sr=b&sig=QFpnIDaAxAvqZIQrfxgCtYekoortU9VDAowDAegFjjo%3D&st=2022-09-10T15%3A23%3A02Z&se=2022-09-10T15%3A58%3A02Z&sp=rw
2022-09-10 17:22:01;2022-09-10 18:00:51;B-5c68075e-62ef-4de9-b1d5-173210594c3a;ORDER;ABORTED;BILBASEN;1068;;https://schprodykmtrr2v.blob.core.windows.net/dmf/ORDER-B-5c68075e-62ef-4de9-b1d5-173210594c3a.zip?sv=2014-02-14&sr=b&sig=%2FRSwDzpLdIaNoqLb5EjnNP32r1uWNJ0qCftGL2Mvcg4%3D&st=2022-09-10T15%3A17%3A02Z&se=2022-09-10T15%3A52%3A02Z&sp=rw
2022-09-10 17:18:01;2022-09-10 20:55:32;B-fbf5957d-bb71-4c57-9b0b-752e3bab201b;ORDER;ABORTED;DBA;1068;;https://schprodykmtrr2v.blob.core.windows.net/dmf/ORDER-B-fbf5957d-bb71-4c57-9b0b-752e3bab201b.zip?sv=2014-02-14&sr=b&sig=CGSESztGcgeEufYxs08oxB1Z1%2F3QEUuk8cA905VmB74%3D&st=2022-09-10T15%3A13%3A02Z&se=2022-09-10T15%3A48%3A02Z&sp=rw
2022-09-10 17:18:01;2022-09-10 20:46:03;B-140bbd0a-d804-436e-adda-ee4055963c15;ORDER;ABORTED;DBA;1068;;https://schprodykmtrr2v.blob.core.windows.net/dmf/ORDER-B-140bbd0a-d804-436e-adda-ee4055963c15.zip?sv=2014-02-14&sr=b&sig=t%2F0SFdqHw4OYed17iMecSDSd%2BFfv%2Bs%2BzaHsIMWwrAfk%3D&st=2022-09-10T15%3A13%3A02Z&se=2022-09-10T15%3A48%3A02Z&sp=rw
2022-09-10 17:10:01;2022-09-10 17:50:37;B-4a3f49d3-e975-4859-bed3-5c765822584f;ORDER;ABORTED;BILBASEN;1068;;https://schprodykmtrr2v.blob.core.windows.net/dmf/ORDER-B-4a3f49d3-e975-4859-bed3-5c765822584f.zip?sv=2014-02-14&sr=b&sig=1wtVGUC5NRUJ%2BmisRJHxP42Zp9DzPH359e1ugrQMIC0%3D&st=2022-09-10T15%3A05%3A01Z&se=2022-09-10T15%3A40%3A01Z&sp=rw
2022-09-10 17:08:01;2022-09-10 20:19:30;B-ea63bf2e-6d13-4072-9e78-bf0825a200bc;ORDER;ABORTED;DBA;1068;;https://schprodykmtrr2v.blob.core.windows.net/dmf/ORDER-B-ea63bf2e-6d13-4072-9e78-bf0825a200bc.zip?sv=2014-02-14&sr=b&sig=nx1s6iXPWWf%2BQOHn3tXLMZOgo1UNHwiPqbufi9U6ErA%3D&st=2022-09-10T15%3A03%3A01Z&se=2022-09-10T15%3A38%3A01Z&sp=rw
2022-09-10 16:54:01;2022-09-10 17:37:06;B-fc49e08f-4c18-4817-b51a-6a0f5868d2de;ORDER;ABORTED;BILBASEN;1068;;https://schprodykmtrr2v.blob.core.windows.net/dmf/ORDER-B-fc49e08f-4c18-4817-b51a-6a0f5868d2de.zip?sv=2014-02-14&sr=b&sig=4qd4GYcHOIkWabbJG6z%2FgjnICeSZPZ1PNJK3OuvjO6I%3D&st=2022-09-10T14%3A49%3A02Z&se=2022-09-10T15%3A24%3A02Z&sp=rw
2022-09-10 16:48:01;2022-09-10 17:32:03;B-263ac369-e9b4-45fc-a670-4b03406aab08;ORDER;ABORTED;BILBASEN;1068;;https://schprodykmtrr2v.blob.core.windows.net/dmf/ORDER-B-263ac369-e9b4-45fc-a670-4b03406aab08.zip?sv=2014-02-14&sr=b&sig=s6Km%2Ff%2FJoTtwUgZbpX5jIKHca5a9ugYY7PBhQLmdSqg%3D&st=2022-09-10T14%3A43%3A01Z&se=2022-09-10T15%3A18%3A01Z&sp=rw
2022-09-10 16:44:01;2022-09-10 17:26:48;B-6c4c2c17-489e-4cdd-98fb-5021e19fc8de;ORDER;ABORTED;BILBASEN;1068;;https://schprodykmtrr2v.blob.core.windows.net/dmf/ORDER-B-6c4c2c17-489e-4cdd-98fb-5021e19fc8de.zip?sv=2014-02-14&sr=b&sig=Iy0TdZDoyeSkjBKTtOlnvVefXMm%2Bqd6moX2odM3ENeU%3D&st=2022-09-10T14%3A39%3A01Z&se=2022-09-10T15%3A14%3A01Z&sp=rw
2022-09-10 16:36:01;2022-09-10 19:16:40;B-61fa205d-8c7b-4380-8a58-f3c692ffdaed;ORDER;ABORTED;DBA;1068;;https://schprodykmtrr2v.blob.core.windows.net/dmf/ORDER-B-61fa205d-8c7b-4380-8a58-f3c692ffdaed.zip?sv=2014-02-14&sr=b&sig=cAn0kU9hMj%2FC3tyPywan32AShPv%2BWvMpTxQnxTxNnfc%3D&st=2022-09-10T14%3A31%3A01Z&se=2022-09-10T15%3A06%3A01Z&sp=rw
2022-09-10 16:34:01;2022-09-10 17:20:18;B-386db19f-33ce-42aa-b441-3302f52bb9f2;ORDER;ABORTED;BILBASEN;1068;;https://schprodykmtrr2v.blob.core.windows.net/dmf/ORDER-B-386db19f-33ce-42aa-b441-3302f52bb9f2.zip?sv=2014-02-14&sr=b&sig=YqzxUAI7hpsuwvkUjp2UAKkMFaNN%2B%2B4PbJ2IncpeO2U%3D&st=2022-09-10T14%3A29%3A00Z&se=2022-09-10T15%3A04%3A00Z&sp=rw
2022-09-10 16:32:01;2022-09-10 17:14:49;B-1f650620-de69-4f84-97e0-ba3489a3d7a9;ORDER;ABORTED;BILBASEN;1068;;https://schprodykmtrr2v.blob.core.windows.net/dmf/ORDER-B-1f650620-de69-4f84-97e0-ba3489a3d7a9.zip?sv=2014-02-14&sr=b&sig=E65dDoIts7coTVNR8B8QMFKG1bcqQb3R2f8%2B%2BzDHB1A%3D&st=2022-09-10T14%3A27%3A01Z&se=2022-09-10T15%3A02%3A01Z&sp=rw
2022-09-10 16:26:01;2022-09-10 19:11:48;B-d6250944-15fe-4959-b27f-ccee80b42b14;ORDER;ABORTED;DBA;1068;;https://schprodykmtrr2v.blob.core.windows.net/dmf/ORDER-B-d6250944-15fe-4959-b27f-ccee80b42b14.zip?sv=2014-02-14&sr=b&sig=w%2FNfKwnPYFfrLA%2B%2Bv4eJ%2FksblVlIRdBXK79q%2BVdf%2Bb0%3D&st=2022-09-10T14%3A21%3A01Z&se=2022-09-10T14%3A56%3A01Z&sp=rw
2022-09-10 16:18:01;2022-09-10 17:09:40;B-4194870f-57bf-4c3e-b039-4ab171252530;ORDER;ABORTED;BILBASEN;1068;;https://schprodykmtrr2v.blob.core.windows.net/dmf/ORDER-B-4194870f-57bf-4c3e-b039-4ab171252530.zip?sv=2014-02-14&sr=b&sig=ko7B%2FVxc2lm93fbaPR6R4wjJlNzOgz9TjWzTHR%2Fn%2FUs%3D&st=2022-09-10T14%3A13%3A01Z&se=2022-09-10T14%3A48%3A01Z&sp=rw
2022-09-10 16:16:01;2022-09-10 16:53:17;B-207667be-1145-4486-ba4e-8b0a45f71175;ORDER;ABORTED;BOOST;1068;;https://schprodykmtrr2v.blob.core.windows.net/dmf/ORDER-B-207667be-1145-4486-ba4e-8b0a45f71175.zip?sv=2014-02-14&sr=b&sig=6zB9tNbpUWfm5X7wSqR8nkr9HV162SBvrZHtmMIxgOQ%3D&st=2022-09-10T14%3A11%3A01Z&se=2022-09-10T14%3A46%3A01Z&sp=rw
2022-09-10 16:14:01;2022-09-10 18:50:34;B-65e08c29-d470-4c33-9975-92257f9d2bdb;ORDER;ABORTED;DBA;1068;;https://schprodykmtrr2v.blob.core.windows.net/dmf/ORDER-B-65e08c29-d470-4c33-9975-92257f9d2bdb.zip?sv=2014-02-14&sr=b&sig=KJNsTOpGUk3IJJCc3ytvNhKVJsDBefHwr8gHdDnmVI8%3D&st=2022-09-10T14%3A09%3A01Z&se=2022-09-10T14%3A44%3A01Z&sp=rw
2022-09-10 16:14:01;2022-09-10 18:45:18;B-b30ebad8-b8e3-479d-a4e7-fd8a1a394c73;ORDER;ABORTED;DBA;1068;;https://schprodykmtrr2v.blob.core.windows.net/dmf/ORDER-B-b30ebad8-b8e3-479d-a4e7-fd8a1a394c73.zip?sv=2014-02-14&sr=b&sig=cZWc5YS3Gz6Fx6wsT2C5JUHEfXgW7wy%2Fch%2BW2P%2Bcql0%3D&st=2022-09-10T14%3A09%3A01Z&se=2022-09-10T14%3A44%3A01Z&sp=rw
2022-09-10 16:04:00;2022-09-10 18:30:03;B-d6df27ee-1370-4e64-88fc-3c5d7aba0954;ORDER;ABORTED;DBA;1068;;https://schprodykmtrr2v.blob.core.windows.net/dmf/ORDER-B-d6df27ee-1370-4e64-88fc-3c5d7aba0954.zip?sv=2014-02-14&sr=b&sig=WcV5iTCsbAw4L%2B%2Fn%2BcfW5AYSv%2BFZ78ZMn6Om%2BX9ZRSY%3D&st=2022-09-10T13%3A59%3A01Z&se=2022-09-10T14%3A34%3A01Z&sp=rw
2022-09-10 15:52:01;2022-09-10 18:23:03;B-9c621b13-5654-4d3f-9997-80168fe255d2;ORDER;ABORTED;DBA;1068;;https://schprodykmtrr2v.blob.core.windows.net/dmf/ORDER-B-9c621b13-5654-4d3f-9997-80168fe255d2.zip?sv=2014-02-14&sr=b&sig=sigDylfRLILf%2FBzPkR49SIlR3rLvucqnq3Im4LXGKbA%3D&st=2022-09-10T13%3A47%3A01Z&se=2022-09-10T14%3A22%3A01Z&sp=rw
2022-09-10 15:52:01;2022-09-10 18:17:48;B-a1a81fc6-dc3d-4687-bd59-2545f0d8471f;ORDER;ABORTED;DBA;1068;;https://schprodykmtrr2v.blob.core.windows.net/dmf/ORDER-B-a1a81fc6-dc3d-4687-bd59-2545f0d8471f.zip?sv=2014-02-14&sr=b&sig=%2F85KUbNbnmca71VvhAMiTQN9TYlSyxEUx1fpKn8ZEFM%3D&st=2022-09-10T13%3A47%3A01Z&se=2022-09-10T14%3A22%3A01Z&sp=rw
2022-09-10 15:42:01;2022-09-10 18:05:03;B-cb626d75-8654-49aa-ba88-0b0b364bf6d6;ORDER;ABORTED;DBA;1068;;https://schprodykmtrr2v.blob.core.windows.net/dmf/ORDER-B-cb626d75-8654-49aa-ba88-0b0b364bf6d6.zip?sv=2014-02-14&sr=b&sig=8SMd5mRAPf6fXWjDftchA3z0qKKAccz4RKGW9pKy1YY%3D&st=2022-09-10T13%3A37%3A01Z&se=2022-09-10T14%3A12%3A01Z&sp=rw
2022-09-10 15:32:01;2022-09-10 17:55:49;B-b062638a-9965-409c-8f8b-c25502b763b4;ORDER;ABORTED;DBA;1068;;https://schprodykmtrr2v.blob.core.windows.net/dmf/ORDER-B-b062638a-9965-409c-8f8b-c25502b763b4.zip?sv=2014-02-14&sr=b&sig=Eo9xk97E7x%2FpTmE%2ByhV9DbT%2B79qtKddom%2FM%2BBCImYSw%3D&st=2022-09-10T13%3A27%3A01Z&se=2022-09-10T14%3A02%3A01Z&sp=rw
2022-09-10 15:20:01;2022-09-10 17:45:03;B-52de7bbb-e6c3-4c82-b697-40f4f50aeb2f;ORDER;ABORTED;DBA;1068;;https://schprodykmtrr2v.blob.core.windows.net/dmf/ORDER-B-52de7bbb-e6c3-4c82-b697-40f4f50aeb2f.zip?sv=2014-02-14&sr=b&sig=9%2BljhHZ8vBXrh9rlXj10W5BgmWneQCQY8R4zPRjjDZI%3D&st=2022-09-10T13%3A15%3A01Z&se=2022-09-10T13%3A50%3A01Z&sp=rw
2022-09-10 15:10:01;2022-09-10 17:04:43;B-1869eadd-8d51-40d9-8eab-e2ff7384acf8;ORDER;ABORTED;DBA;1068;;https://schprodykmtrr2v.blob.core.windows.net/dmf/ORDER-B-1869eadd-8d51-40d9-8eab-e2ff7384acf8.zip?sv=2014-02-14&sr=b&sig=4gXopx4dR7244BliX0fiLLSBeka%2B%2Be5bVtnMZd0mGrg%3D&st=2022-09-10T13%3A05%3A01Z&se=2022-09-10T13%3A40%3A01Z&sp=rw
2022-09-10 14:56:02;2022-09-10 15:35:49;B-375d4256-02c6-4e09-888f-91205c86b76e;ORDER;ABORTED;BILBASEN;1068;;https://schprodykmtrr2v.blob.core.windows.net/dmf/ORDER-B-375d4256-02c6-4e09-888f-91205c86b76e.zip?sv=2014-02-14&sr=b&sig=7AiOLy2NE%2ByA4eWplQKK8AE9sQjDYsE4HpVOBOO9Rn4%3D&st=2022-09-10T12%3A51%3A02Z&se=2022-09-10T13%3A26%3A02Z&sp=rw
2022-09-10 14:38:01;2022-09-10 16:33:13;B-ee466e16-daa0-4497-b3d2-bfc83d6976f8;ORDER;ABORTED;DBA;1068;;https://schprodykmtrr2v.blob.core.windows.net/dmf/ORDER-B-ee466e16-daa0-4497-b3d2-bfc83d6976f8.zip?sv=2014-02-14&sr=b&sig=C6RiDfS4lNkBo%2ByXbG5SH7kxJoL0jGQAHfLdCK2XJNk%3D&st=2022-09-10T12%3A33%3A00Z&se=2022-09-10T13%3A08%3A00Z&sp=rw
2022-09-10 14:38:00;2022-09-10 16:24:34;B-4ef9be56-f1f7-4d47-9916-f4de063137d6;ORDER;ABORTED;DBA;1068;;https://schprodykmtrr2v.blob.core.windows.net/dmf/ORDER-B-4ef9be56-f1f7-4d47-9916-f4de063137d6.zip?sv=2014-02-14&sr=b&sig=L3sBqoX%2BMFLsaWMnNWFc%2FTnDcX9ORX2H6lTnSy4h9UQ%3D&st=2022-09-10T12%3A33%3A00Z&se=2022-09-10T13%3A08%3A00Z&sp=rw
2022-09-10 14:26:01;2022-09-10 16:19:25;B-42a5eb40-39ee-41f7-8394-20b1356932fb;ORDER;ABORTED;DBA;1068;;https://schprodykmtrr2v.blob.core.windows.net/dmf/ORDER-B-42a5eb40-39ee-41f7-8394-20b1356932fb.zip?sv=2014-02-14&sr=b&sig=Bn5jGuvFFBqpyqnQC%2BYYNlAJ3TYxC2ftjD68UbnCBTM%3D&st=2022-09-10T12%3A21%3A01Z&se=2022-09-10T12%3A56%3A01Z&sp=rw
2022-09-10 14:26:02;2022-09-10 16:14:48;B-dbda2a3f-dd57-4744-a940-2dbb00ef742b;ORDER;ABORTED;DBA;1068;;https://schprodykmtrr2v.blob.core.windows.net/dmf/ORDER-B-dbda2a3f-dd57-4744-a940-2dbb00ef742b.zip?sv=2014-02-14&sr=b&sig=Nr0z4%2FzarQF6HycimoaTM%2FYXaPmYdNQy%2BoIoBOCFTxE%3D&st=2022-09-10T12%3A21%3A02Z&se=2022-09-10T12%3A56%3A02Z&sp=rw
2022-09-10 14:20:02;2022-09-10 15:15:55;B-4dadc954-e5f0-4f2d-8f75-e933c8b39fd7;ORDER;ABORTED;BILBASEN;1068;;https://schprodykmtrr2v.blob.core.windows.net/dmf/ORDER-B-4dadc954-e5f0-4f2d-8f75-e933c8b39fd7.zip?sv=2014-02-14&sr=b&sig=ILNYwvjH6L32pa3PbHD5wMTAv%2FeKKswm9o3Oy4KQLF4%3D&st=2022-09-10T12%3A15%3A01Z&se=2022-09-10T12%3A50%3A01Z&sp=rw
2022-09-10 14:16:01;2022-09-10 16:09:33;B-b6b47e2f-6b0c-4e66-b3d3-a85a00076302;ORDER;ABORTED;DBA;1068;;https://schprodykmtrr2v.blob.core.windows.net/dmf/ORDER-B-b6b47e2f-6b0c-4e66-b3d3-a85a00076302.zip?sv=2014-02-14&sr=b&sig=oVOdP8fWAbbGxe7RsMgWXbqi97kvFWgeOISreDpOj6Q%3D&st=2022-09-10T12%3A11%3A01Z&se=2022-09-10T12%3A46%3A01Z&sp=rw
2022-09-10 14:08:01;2022-09-10 15:07:33;B-96d5b8bb-1bd5-4284-aa9b-99dd3b12eadc;ORDER;ABORTED;BILBASEN;1068;;https://schprodykmtrr2v.blob.core.windows.net/dmf/ORDER-B-96d5b8bb-1bd5-4284-aa9b-99dd3b12eadc.zip?sv=2014-02-14&sr=b&sig=EvHPvfCUsVV%2BlEHRLUZinBiOMlfz78t05ycxDi%2B7jxE%3D&st=2022-09-10T12%3A03%3A00Z&se=2022-09-10T12%3A38%3A00Z&sp=rw
2022-09-10 13:40:01;2022-09-10 14:28:17;B-250569d3-43ec-46b5-9eb8-5e9a97d6305e;ORDER;ABORTED;BILBASEN;1068;;https://schprodykmtrr2v.blob.core.windows.net/dmf/ORDER-B-250569d3-43ec-46b5-9eb8-5e9a97d6305e.zip?sv=2014-02-14&sr=b&sig=h72xaVASFduOfYTq%2FMKjcE3fnyNGBa9LaUKEKLuwXRY%3D&st=2022-09-10T11%3A35%3A01Z&se=2022-09-10T12%3A10%3A01Z&sp=rw
2022-09-10 13:34:01;2022-09-10 14:38:47;B-344e82d3-172e-42be-8fc9-caf378d3a60a;ORDER;ABORTED;DBA;1068;;https://schprodykmtrr2v.blob.core.windows.net/dmf/ORDER-B-344e82d3-172e-42be-8fc9-caf378d3a60a.zip?sv=2014-02-14&sr=b&sig=Y3xl73gyTbjEA3lJNiUB%2BCvNxmwvoxkTjOT7Sg%2FfALk%3D&st=2022-09-10T11%3A29%3A01Z&se=2022-09-10T12%3A04%3A01Z&sp=rw
2022-09-10 13:22:01;2022-09-10 14:33:33;B-d3a92b4a-f143-4c3b-a279-b7a133cd43f4;ORDER;ABORTED;DBA;1068;;https://schprodykmtrr2v.blob.core.windows.net/dmf/ORDER-B-d3a92b4a-f143-4c3b-a279-b7a133cd43f4.zip?sv=2014-02-14&sr=b&sig=W5TjlRqLK6K9%2BXbym6bm5flyVAQbJZd8Pbr1t8Msz0k%3D&st=2022-09-10T11%3A17%3A01Z&se=2022-09-10T11%3A52%3A01Z&sp=rw
2022-09-10 13:16:01;2022-09-10 13:47:06;B-5ddf08af-acb7-445f-8162-583b4bf30672;ORDER;ABORTED;BILBASEN;1068;;https://schprodykmtrr2v.blob.core.windows.net/dmf/ORDER-B-5ddf08af-acb7-445f-8162-583b4bf30672.zip?sv=2014-02-14&sr=b&sig=gkyGnosNJGr5%2BUdK46xw5s3CAgIG5PslGZ%2Fg1oB3Iec%3D&st=2022-09-10T11%3A11%3A01Z&se=2022-09-10T11%3A46%3A01Z&sp=rw
2022-09-10 13:10:33;2022-09-10 13:52:20;B-20a0fb68-89da-445c-b6bd-03a7f6677be0;ORDER;ABORTED;DBA;1068;;https://schprodykmtrr2v.blob.core.windows.net/dmf/ORDER-B-20a0fb68-89da-445c-b6bd-03a7f6677be0.zip?sv=2014-02-14&sr=b&sig=dZ40RQOanrQgLGkHAFh%2FkeKkpWTxnysZzayqKrMGckE%3D&st=2022-09-10T11%3A05%3A34Z&se=2022-09-10T11%3A40%3A34Z&sp=rw
2022-09-10 13:04:01;2022-09-10 13:18:41;B-684f055b-2024-4cdd-8ddb-dbd776555e99;ORDER;ABORTED;BILBASEN;1068;;https://schprodykmtrr2v.blob.core.windows.net/dmf/ORDER-B-684f055b-2024-4cdd-8ddb-dbd776555e99.zip?sv=2014-02-14&sr=b&sig=Oxw17zkoX8qx9QJZhEZZqPmtVjte7p3kTxuxMYJRPD8%3D&st=2022-09-10T10%3A59%3A00Z&se=2022-09-10T11%3A34%3A00Z&sp=rw
2022-09-10 13:00:01;2022-09-10 13:42:03;B-392b8b5b-061f-41cb-96a4-7d23b0fc0021;ORDER;ABORTED;DBA;1068;;https://schprodykmtrr2v.blob.core.windows.net/dmf/ORDER-B-392b8b5b-061f-41cb-96a4-7d23b0fc0021.zip?sv=2014-02-14&sr=b&sig=1Lf9xsmhkdv0ufvhflQpc8r8MZ%2BdRbpLOWwqErhlZBE%3D&st=2022-09-10T10%3A55%3A01Z&se=2022-09-10T11%3A30%3A01Z&sp=rw
2022-09-10 13:00:01;2022-09-10 13:36:49;B-5fc4416f-2a77-4267-9180-0cb4c5b32e22;ORDER;ABORTED;DBA;1068;;https://schprodykmtrr2v.blob.core.windows.net/dmf/ORDER-B-5fc4416f-2a77-4267-9180-0cb4c5b32e22.zip?sv=2014-02-14&sr=b&sig=6haKXyoxBQu2o4Vl7qnZyauTT7GR9GW0UD%2Fjidl3IPc%3D&st=2022-09-10T10%3A55%3A01Z&se=2022-09-10T11%3A30%3A01Z&sp=rw
2022-09-10 12:56:40;2022-09-10 13:04:56;B-9b06fbe9-c553-4867-b23b-cf428450a1d5;ORDER;ABORTED;BLOCKET_JB;1001;;https://schprodykmtrr2v.blob.core.windows.net/dmf/ORDER-B-9b06fbe9-c553-4867-b23b-cf428450a1d5.zip?sv=2014-02-14&sr=b&sig=P%2BRla78Q4EGUmyzjYkwQAdQ%2F3di4IazJJYXI4x65FnU%3D&st=2022-09-10T10%3A51%3A40Z&se=2022-09-10T11%3A26%3A40Z&sp=rw
2022-09-10 12:56:40;2022-09-10 13:01:48;B-9b06fbe9-c553-4867-b23b-cf428450a1d5;CUSTOMER;ABORTED;BLOCKET_JB;1001;;https://schprodykmtrr2v.blob.core.windows.net/dmf/CUSTOMER-B-9b06fbe9-c553-4867-b23b-cf428450a1d5.zip?sv=2014-02-14&sr=b&sig=jLrqupt2lEn902Skm%2B%2BTLoX0zeb4dqY1Z9mb4AAEEgs%3D&st=2022-09-10T10%3A51%3A40Z&se=2022-09-10T11%3A26%3A40Z&sp=rw
2022-09-10 12:50:01;2022-09-10 13:31:35;B-3af5ecf8-79b0-4f6a-b8e1-d10ab88fad76;ORDER;ABORTED;DBA;1068;;https://schprodykmtrr2v.blob.core.windows.net/dmf/ORDER-B-3af5ecf8-79b0-4f6a-b8e1-d10ab88fad76.zip?sv=2014-02-14&sr=b&sig=w%2F6lgBuTZt4mcfDZl1bY37Lu2%2BwAyhdeWWu%2BJE1MsJA%3D&st=2022-09-10T10%3A45%3A01Z&se=2022-09-10T11%3A20%3A01Z&sp=rw
2022-09-10 12:48:02;2022-09-10 13:26:41;B-df7f2d0f-39e0-439e-981a-b50c95676642;ORDER;ABORTED;DBA;1068;;https://schprodykmtrr2v.blob.core.windows.net/dmf/ORDER-B-df7f2d0f-39e0-439e-981a-b50c95676642.zip?sv=2014-02-14&sr=b&sig=zQ5AyBPsuZJhJ1Ar8QJEzyWxg5qJ7FA8Lq9yxzGzWic%3D&st=2022-09-10T10%3A43%3A02Z&se=2022-09-10T11%3A18%3A02Z&sp=rw
2022-09-10 12:48:02;2022-09-10 12:55:03;B-0f7be86a-fc2c-4ffb-bd96-fa613862facd;ORDER;ABORTED;BILBASEN;1068;;https://schprodykmtrr2v.blob.core.windows.net/dmf/ORDER-B-0f7be86a-fc2c-4ffb-bd96-fa613862facd.zip?sv=2014-02-14&sr=b&sig=Sja1qFnioOVI53aUbRcLAdn5nQX6xtDCdSMzvUBFD2Q%3D&st=2022-09-10T10%3A43%3A02Z&se=2022-09-10T11%3A18%3A02Z&sp=rw
2022-09-10 12:38:01;2022-09-10 12:49:20;B-af9c32c2-21bb-42ec-888a-d3fbd3ce4164;ORDER;ABORTED;BILBASEN;1068;;https://schprodykmtrr2v.blob.core.windows.net/dmf/ORDER-B-af9c32c2-21bb-42ec-888a-d3fbd3ce4164.zip?sv=2014-02-14&sr=b&sig=Yohj4sKitNi%2F7a1fZatq9%2FmFjJ%2BYgYy1jAaxIISsQtM%3D&st=2022-09-10T10%3A33%3A01Z&se=2022-09-10T11%3A08%3A01Z&sp=rw
2022-09-10 12:36:01;2022-09-10 13:10:04;B-136ab93a-5089-470a-a994-d405b1cc66f4;ORDER;ABORTED;DBA;1068;;https://schprodykmtrr2v.blob.core.windows.net/dmf/ORDER-B-136ab93a-5089-470a-a994-d405b1cc66f4.zip?sv=2014-02-14&sr=b&sig=Oe9at96sGdMkR%2BambMBEUx4%2BMfSwo%2By3ivcmt%2FeFW2E%3D&st=2022-09-10T10%3A31%3A01Z&se=2022-09-10T11%3A06%3A01Z&sp=rw
2022-09-10 12:26:01;2022-09-10 12:33:47;B-5da4ca42-1a38-4435-95b4-458637194abe;ORDER;ABORTED;BOOST;1068;;https://schprodykmtrr2v.blob.core.windows.net/dmf/ORDER-B-5da4ca42-1a38-4435-95b4-458637194abe.zip?sv=2014-02-14&sr=b&sig=rw9JNJ72AXNaHs1UzcdO6PtdLJIaXV6zZ7a0xBtPpFo%3D&st=2022-09-10T10%3A21%3A01Z&se=2022-09-10T10%3A56%3A01Z&sp=rw
2022-09-10 12:20:02;2022-09-10 12:25:18;B-9192c1e1-945d-4185-b58f-e9e8ea3c045b;ORDER;ABORTED;BILBASEN;1068;;https://schprodykmtrr2v.blob.core.windows.net/dmf/ORDER-B-9192c1e1-945d-4185-b58f-e9e8ea3c045b.zip?sv=2014-02-14&sr=b&sig=mmaotTs7pKTPyZjRX8%2BtiopWgVetBNl20DsSQnILDq0%3D&st=2022-09-10T10%3A15%3A02Z&se=2022-09-10T10%3A50%3A02Z&sp=rw
2022-09-10 12:18:00;2022-09-10 12:44:19;B-ac6a4b9a-3f4d-4cc9-8617-0b5478d62580;ORDER;ABORTED;DBA;1068;;https://schprodykmtrr2v.blob.core.windows.net/dmf/ORDER-B-ac6a4b9a-3f4d-4cc9-8617-0b5478d62580.zip?sv=2014-02-14&sr=b&sig=hwPV89FTV5yKfg2P1cDGOPWZhtF8PtimJLa3uv38XOY%3D&st=2022-09-10T10%3A13%3A01Z&se=2022-09-10T10%3A48%3A01Z&sp=rw
2022-09-10 12:16:01;2022-09-10 12:39:03;B-1c97ab8e-88f7-4494-ba76-91a8fbc7c940;ORDER;ABORTED;DBA;1068;;https://schprodykmtrr2v.blob.core.windows.net/dmf/ORDER-B-1c97ab8e-88f7-4494-ba76-91a8fbc7c940.zip?sv=2014-02-14&sr=b&sig=Xc1ipBiWOyy1Wg78Y9uVvGdFjelvd%2BbXc7rpR8tOK18%3D&st=2022-09-10T10%3A11%3A00Z&se=2022-09-10T10%3A46%3A00Z&sp=rw
2022-09-10 12:06:02;2022-09-10 12:12:18;B-e5bb3a92-ba93-4574-b7d6-dab8650b336e;ORDER;ABORTED;BILBASEN;1068;;https://schprodykmtrr2v.blob.core.windows.net/dmf/ORDER-B-e5bb3a92-ba93-4574-b7d6-dab8650b336e.zip?sv=2014-02-14&sr=b&sig=6a6cWxXjIgw1%2FH3pMySf4OrkqXILvvbrdi8RP%2FGHvFQ%3D&st=2022-09-10T10%3A01%3A02Z&se=2022-09-10T10%3A36%3A02Z&sp=rw
2022-09-10 11:54:05;2022-09-10 12:05:03;B-7522434c-bb65-46ca-8b14-ae1d926638dc;ORDER;ABORTED;DBA;1068;;https://schprodykmtrr2v.blob.core.windows.net/dmf/ORDER-B-7522434c-bb65-46ca-8b14-ae1d926638dc.zip?sv=2014-02-14&sr=b&sig=ll7lGZH2%2FT80U4LObqzTERTGULtY%2BEF5th3nNJr68OY%3D&st=2022-09-10T09%3A49%3A05Z&se=2022-09-10T10%3A24%3A05Z&sp=rw
2022-09-10 11:54:01;2022-09-10 11:58:56;B-68e93879-9363-47f9-b708-83719cba9236;ORDER;ABORTED;BILBASEN;1068;;https://schprodykmtrr2v.blob.core.windows.net/dmf/ORDER-B-68e93879-9363-47f9-b708-83719cba9236.zip?sv=2014-02-14&sr=b&sig=m14Bdm%2B96C1Szg0x6m2neZx7LexVBI83GaTyJFex%2F14%3D&st=2022-09-10T09%3A49%3A01Z&se=2022-09-10T10%3A24%3A01Z&sp=rw
2022-09-10 11:26:01;2022-09-10 11:31:03;B-bf7d747a-04be-4865-aa4d-fa695ea86240;ORDER;ABORTED;BOOST;1068;;https://schprodykmtrr2v.blob.core.windows.net/dmf/ORDER-B-bf7d747a-04be-4865-aa4d-fa695ea86240.zip?sv=2014-02-14&sr=b&sig=SnpBSsUp7Q2LrsTP2H8ljhZtP5L7to6chXYuER5hSUg%3D&st=2022-09-10T09%3A21%3A01Z&se=2022-09-10T09%3A56%3A01Z&sp=rw
2022-09-10 11:24:00;2022-09-10 11:36:19;B-6bb2f971-e699-4a62-9b75-4a7495a1c730;ORDER;ABORTED;DBA;1068;;https://schprodykmtrr2v.blob.core.windows.net/dmf/ORDER-B-6bb2f971-e699-4a62-9b75-4a7495a1c730.zip?sv=2014-02-14&sr=b&sig=x%2FHkWvBymScBvFtDGDst72ybMMblHImRMi0xgKpE7nk%3D&st=2022-09-10T09%3A19%3A01Z&se=2022-09-10T09%3A54%3A01Z&sp=rw